stock-code,reference-price,celling-price,floor-price,price,volume,total-volume,total-value,highest-price,lowest-price,average-price,create-at
AAV,0.0,5.6,6.1,0.4,6.0,0.6,661.4,0.0,6.1,5.7,2024-05-21 10:34:52.176948
ADC,0.0,18.9,20.7,0.0,18.9,0.2,0.6,0.0,18.9,18.9,2024-05-21 10:34:52.460312
ALT,0.0,14.4,15.8,0.4,14.8,0.1,0.2,0.0,15.0,14.8,2024-05-21 10:34:52.723661
APS,0.0,0.0,0.0,0.0,0.0,0.0,0.0,0.0,0.0,0.0,2024-05-21 10:34:53.200386
ARM,0.0,30.9,33.9,0.0,0.0,0.0,0.0,0.0,0.0,0.0,2024-05-21 10:34:53.489723
ATS,0.0,12.6,13.8,0.0,0.0,0.0,0.0,0.0,0.0,0.0,2024-05-21 10:34:53.885912
BAB,0.0,12.7,13.9,0.0,12.7,0.1,8.7,0.0,12.8,12.7,2024-05-21 10:34:54.182995
BAX,0.0,39.5,43.4,0.0,0.0,0.0,0.0,0.0,0.0,0.0,2024-05-21 10:34:54.506240
BBS,0.0,11.0,12.1,0.0,0.0,0.0,0.0,0.0,0.0,0.0,2024-05-21 10:34:54.851792
BCC,0.0,8.2,9.0,0.0,8.2,1.0,42.6,0.0,8.3,8.2,2024-05-21 10:34:55.223925
BCF,0.0,32.6,35.8,-1.6,31.0,0.1,0.1,0.0,31.0,31.0,2024-05-21 10:34:55.671271
BDB,0.0,11.8,12.9,0.0,0.0,0.0,0.0,0.0,0.0,0.0,2024-05-21 10:34:55.996664
BED,0.0,30.8,33.8,0.0,0.0,0.0,0.0,0.0,0.0,0.0,2024-05-21 10:34:56.398940
BKC,0.0,6.5,7.1,0.0,6.5,1.0,1.0,0.0,6.5,6.5,2024-05-21 10:34:56.709925
BNA,0.0,10.3,11.3,0.0,10.3,0.5,15.0,0.0,10.4,10.3,2024-05-21 10:34:57.039554
BPC,0.0,9.3,10.2,0.0,0.0,0.0,0.0,0.0,0.0,0.0,2024-05-21 10:34:57.450751
BSC,0.0,13.2,14.5,0.0,13.2,0.1,0.3,0.0,13.2,13.2,2024-05-21 10:34:57.936645
BST,0.0,16.4,18.0,1.4,17.8,0.1,0.1,0.0,17.8,17.8,2024-05-21 10:34:58.325931
BTS,0.0,5.6,6.1,0.0,5.6,0.1,0.6,0.0,5.6,5.5,2024-05-21 10:34:58.725570
BTW,0.0,36.0,39.6,0.0,0.0,0.0,0.0,0.0,0.0,0.0,2024-05-21 10:34:59.238344
BVS,0.0,39.7,43.6,0.5,40.2,0.7,410.9,0.0,40.4,39.4,2024-05-21 10:35:00.074882
BXH,0.0,26.6,29.2,0.0,0.0,0.0,0.0,0.0,0.0,0.0,2024-05-21 10:35:00.556122
C69,0.0,6.9,7.5,0.0,6.9,0.1,258.5,0.0,7.0,6.7,2024-05-21 10:35:01.030340
CAG,0.0,10.2,11.2,-0.5,9.7,0.1,24.5,0.0,10.4,9.6,2024-05-21 10:35:01.487545
CAN,0.0,41.8,45.9,-2.8,39.0,0.1,2.1,0.0,39.0,37.7,2024-05-21 10:35:02.051974
CAP,0.0,62.7,68.9,0.1,62.8,0.5,32.4,0.0,62.9,62.5,2024-05-21 10:35:02.544606
CCR,0.0,11.9,13.0,-0.3,11.6,0.1,3.6,0.0,11.9,11.4,2024-05-21 10:35:03.045361
CDN,0.0,32.0,35.2,0.0,32.0,0.2,5.1,0.0,32.0,31.9,2024-05-21 10:35:03.559293
CEO,0.0,19.2,21.1,-0.2,19.0,0.3,3272.4,0.0,19.3,17.3,2024-05-21 10:35:04.048008
CET,0.0,7.0,7.7,0.0,0.0,0.0,0.0,0.0,0.0,0.0,2024-05-21 10:35:04.516824
CIA,0.0,9.9,10.8,0.0,9.9,0.1,0.1,0.0,9.9,9.9,2024-05-21 10:35:05.348367
CJC,0.0,25.8,28.3,0.0,0.0,0.0,0.0,0.0,0.0,0.0,2024-05-21 10:35:06.229492
CKV,0.0,16.5,18.1,0.0,0.0,0.0,0.0,0.0,0.0,0.0,2024-05-21 10:35:06.812208
CLH,0.0,21.9,24.0,-0.1,21.8,0.8,1.7,0.0,21.9,21.8,2024-05-21 10:35:07.454268
CLM,0.0,77.4,85.1,0.0,0.0,0.0,0.0,0.0,0.0,0.0,2024-05-21 10:35:08.160041
CMC,0.0,6.4,7.0,0.0,0.0,0.0,0.0,0.0,0.0,0.0,2024-05-21 10:35:08.772775
CMS,0.0,13.7,15.0,-0.1,13.6,1.5,45.6,0.0,13.8,13.6,2024-05-21 10:35:09.287579
CPC,0.0,19.5,21.4,0.0,19.5,0.1,1.1,0.0,19.5,19.5,2024-05-21 10:35:09.917932
CSC,0.0,29.4,32.3,0.0,29.4,0.1,14.3,0.0,29.5,29.2,2024-05-21 10:35:10.551213
CTB,0.0,21.9,24.0,0.0,0.0,0.0,0.0,0.0,0.0,0.0,2024-05-21 10:35:11.545013
CTC,0.0,1.3,1.4,0.0,0.0,0.0,0.0,0.0,0.0,0.0,2024-05-21 10:35:12.684130
CTP,0.0,5.5,6.0,0.1,5.6,0.1,3.8,0.0,5.6,5.5,2024-05-21 10:35:13.271792
CTT,0.0,16.5,18.1,0.0,0.0,0.0,0.0,0.0,0.0,0.0,2024-05-21 10:35:14.055902
CVN,0.0,3.0,3.3,-0.1,2.9,5.0,1080.0,0.0,3.0,2.8,2024-05-21 10:35:14.993790
CX8,0.0,9.2,10.1,0.0,0.0,0.0,0.0,0.0,0.0,0.0,2024-05-21 10:35:15.506647
D11,0.0,11.2,12.3,0.0,11.2,0.5,0.6,0.0,11.5,11.2,2024-05-21 10:35:20.295023
DAD,0.0,19.0,20.9,0.0,0.0,0.0,0.0,0.0,0.0,0.0,2024-05-21 10:35:20.898203
DAE,0.0,14.0,15.4,0.2,14.2,0.2,0.7,0.0,14.9,14.1,2024-05-21 10:35:21.462017
DIH,0.0,0.0,0.0,0.0,0.0,0.0,0.0,0.0,0.0,0.0,2024-05-21 10:35:22.298452
DL1,0.0,4.9,5.3,-0.2,4.7,0.1,131.9,0.0,4.9,4.7,2024-05-21 10:35:22.753463
DNC,0.0,51.5,56.6,0.0,0.0,0.0,0.0,0.0,0.0,0.0,2024-05-21 10:35:23.249567
DNP,0.0,20.9,22.9,-0.5,20.4,0.1,1.3,0.0,20.8,20.4,2024-05-21 10:35:23.673077
DP3,0.0,61.9,68.0,0.0,61.9,0.1,4.0,0.0,62.0,61.9,2024-05-21 10:35:24.605563
DS3,0.0,5.2,5.7,0.0,0.0,0.0,0.0,0.0,0.0,0.0,2024-05-21 10:35:25.106101
DST,0.0,3.8,4.1,-0.1,3.7,0.2,3.4,0.0,3.8,3.7,2024-05-21 10:35:25.780465
DTC,0.0,4.2,4.6,0.0,4.2,0.6,0.6,0.0,4.2,4.2,2024-05-21 10:35:26.248377
DTD,0.0,28.0,30.8,0.6,28.6,0.1,661.9,0.0,28.9,27.7,2024-05-21 10:35:26.762984
DTG,0.0,38.9,42.7,-1.7,37.2,0.1,0.1,0.0,37.2,37.2,2024-05-21 10:35:27.119834
DTK,0.0,12.2,13.4,0.5,12.7,1.0,1.6,0.0,13.0,12.5,2024-05-21 10:35:27.714120
DVG,0.0,2.8,3.0,0.0,2.8,26.1,210.5,0.0,2.9,2.7,2024-05-21 10:35:28.301240
DVM,0.0,12.3,13.5,0.7,13.0,1.0,1308.3,0.0,13.5,12.2,2024-05-21 10:35:28.818651
DXP,0.0,13.3,14.6,0.3,13.6,9.3,447.4,0.0,13.9,13.2,2024-05-21 10:35:29.183340
EBS,0.0,11.0,12.1,0.0,0.0,0.0,0.0,0.0,0.0,0.0,2024-05-21 10:35:29.539871
ECI,0.0,24.5,26.9,0.0,0.0,0.0,0.0,0.0,0.0,0.0,2024-05-21 10:35:30.170256
EID,0.0,24.2,26.6,0.0,24.2,1.0,2.1,0.0,24.2,24.2,2024-05-21 10:35:30.555425
EVS,0.0,7.8,8.5,-0.1,7.7,1.0,94.0,0.0,7.8,7.7,2024-05-21 10:35:30.865884
FID,0.0,2.3,2.5,0.0,2.3,10.4,71.7,0.0,2.4,2.3,2024-05-21 10:35:31.226148
GDW,0.0,24.5,26.9,0.0,0.0,0.0,0.0,0.0,0.0,0.0,2024-05-21 10:35:34.979547
GIC,0.0,14.9,16.3,-0.5,14.4,0.1,0.4,0.0,14.4,14.4,2024-05-21 10:35:35.496284
GKM,0.0,35.5,39.0,0.5,36.0,0.2,0.2,0.0,36.0,36.0,2024-05-21 10:35:36.169593
HAT,0.0,0.0,0.0,0.0,0.0,0.0,0.0,0.0,0.0,0.0,2024-05-21 10:35:36.867221
HBS,0.0,8.0,8.8,0.0,8.0,1.0,3.3,0.0,8.1,7.9,2024-05-21 10:35:37.360127
HCC,0.0,10.9,11.9,0.0,0.0,0.0,0.0,0.0,0.0,0.0,2024-05-21 10:35:38.167240
HCT,0.0,9.8,10.7,0.0,0.0,0.0,0.0,0.0,0.0,0.0,2024-05-21 10:35:38.668209
HDA,0.0,4.0,4.4,0.0,4.0,0.3,1.8,0.0,4.1,3.9,2024-05-21 10:35:39.191579
HEV,0.0,30.0,33.0,0.0,0.0,0.0,0.0,0.0,0.0,0.0,2024-05-21 10:35:39.674244
HGM,0.0,55.0,60.5,0.0,55.0,0.1,0.8,0.0,55.0,54.8,2024-05-21 10:35:40.057537
HHC,0.0,80.0,88.0,0.0,0.0,0.0,0.0,0.0,0.0,0.0,2024-05-21 10:35:40.603391
HJS,0.0,33.5,36.8,0.0,0.0,0.0,0.0,0.0,0.0,0.0,2024-05-21 10:35:41.642790
HKT,0.0,4.2,4.6,0.0,4.2,0.1,0.1,0.0,4.2,4.2,2024-05-21 10:35:42.290798
HLC,0.0,13.3,14.6,-0.2,13.1,0.8,3.5,0.0,13.2,13.1,2024-05-21 10:35:42.717835
HLD,0.0,26.0,28.6,-0.2,25.8,0.1,12.7,0.0,26.0,25.4,2024-05-21 10:35:43.205275
HMH,0.0,14.9,16.3,0.1,15.0,0.1,0.2,0.0,15.0,14.8,2024-05-21 10:35:43.676716
HMR,0.0,29.9,32.8,0.5,30.4,1.0,18.3,0.0,30.6,30.3,2024-05-21 10:35:44.342977
HOM,0.0,4.0,4.4,0.0,4.0,1.0,1.4,0.0,4.0,3.9,2024-05-21 10:35:44.776616
HTC,0.0,25.5,28.0,-2.4,23.1,0.1,1.6,0.0,28.0,23.1,2024-05-21 10:35:45.280993
HTP,0.0,13.0,14.3,0.1,13.1,0.4,22.8,0.0,13.3,13.0,2024-05-21 10:35:45.796620
HUT,0.0,17.5,19.2,-0.1,17.4,0.9,660.3,0.0,17.6,17.4,2024-05-21 10:35:46.692206
HVT,0.0,69.1,76.0,6.9,76.0,0.1,11.7,0.0,76.0,69.2,2024-05-21 10:35:47.284671
ICG,0.0,7.4,8.1,0.0,0.0,0.0,0.0,0.0,0.0,0.0,2024-05-21 10:35:47.749156
IDC,0.0,62.7,68.9,-0.5,62.2,0.1,685.4,0.0,62.8,61.9,2024-05-21 10:35:48.476018
IDJ,0.0,6.6,7.2,0.1,6.7,4.2,1950.4,0.0,6.8,6.4,2024-05-21 10:35:48.980956
IDV,0.0,38.1,41.9,-0.8,37.3,0.4,9.8,0.0,38.1,37.1,2024-05-21 10:35:49.512238
INC,0.0,19.6,21.5,0.0,0.0,0.0,0.0,0.0,0.0,0.0,2024-05-21 10:35:50.539410
INN,0.0,50.9,55.9,0.0,50.9,0.1,0.1,0.0,50.9,50.9,2024-05-21 10:35:51.012745
IPA,0.0,14.7,16.1,0.3,15.0,0.1,104.7,0.0,15.1,14.7,2024-05-21 10:35:51.484496
ITQ,0.0,3.4,3.7,-0.1,3.3,0.1,48.8,0.0,3.4,3.3,2024-05-21 10:35:52.244147
IVS,0.0,12.0,13.2,-0.1,11.9,4.2,167.8,0.0,12.0,11.7,2024-05-21 10:35:52.749043
KDM,0.0,18.8,20.6,0.0,18.8,0.1,0.3,0.0,18.8,17.7,2024-05-21 10:35:57.008171
KHS,0.0,11.0,12.1,-1.0,10.0,0.1,0.1,0.0,10.0,10.0,2024-05-21 10:35:57.524411
KKC,0.0,6.5,7.1,0.3,6.8,0.1,0.1,0.0,6.8,6.8,2024-05-21 10:35:58.128510
KST,0.0,0.0,0.0,0.0,0.0,0.0,0.0,0.0,0.0,0.0,2024-05-21 10:35:58.807966
KSV,0.0,35.9,39.4,-0.8,35.1,0.1,6.9,0.0,36.2,35.1,2024-05-21 10:35:59.332894
KTS,0.0,41.8,45.9,0.0,41.8,0.5,2.0,0.0,42.0,41.8,2024-05-21 10:35:59.817111
KTT,0.0,3.6,3.9,-0.1,3.5,0.1,0.5,0.0,3.5,3.4,2024-05-21 10:36:00.374207
L14,0.0,38.6,42.4,-0.2,38.4,0.5,58.2,0.0,39.5,38.3,2024-05-21 10:36:00.801337
L18,0.0,39.2,43.1,-0.3,38.9,0.1,16.6,0.0,39.3,38.8,2024-05-21 10:36:01.214954
L40,0.0,20.6,22.6,0.0,0.0,0.0,0.0,0.0,0.0,0.0,2024-05-21 10:36:01.651067
L43,0.0,1.9,2.0,0.0,0.0,0.0,0.0,0.0,0.0,0.0,2024-05-21 10:36:02.531201
L62,0.0,1.9,2.0,0.0,1.9,0.7,1.0,0.0,1.9,1.9,2024-05-21 10:36:02.962685
LAS,0.0,22.0,24.2,0.0,22.0,0.1,360.9,0.0,22.2,21.7,2024-05-21 10:36:03.469929
LBE,0.0,26.5,29.1,0.0,0.0,0.0,0.0,0.0,0.0,0.0,2024-05-21 10:36:04.236426
LCD,0.0,21.7,23.8,0.0,0.0,0.0,0.0,0.0,0.0,0.0,2024-05-21 10:36:04.643322
LDP,0.0,22.7,24.9,-1.7,21.0,0.4,7.1,0.0,22.9,21.0,2024-05-21 10:36:04.934857
LHC,0.0,52.8,58.0,-0.3,52.5,0.4,1.7,0.0,53.0,52.5,2024-05-21 10:36:05.228742
LIG,0.0,3.8,4.1,0.0,3.8,13.0,379.3,0.0,3.9,3.8,2024-05-21 10:36:05.565765
MAC,0.0,14.0,15.4,0.0,14.0,0.9,1.9,0.0,14.0,14.0,2024-05-21 10:36:09.265062
MAS,0.0,33.3,36.6,0.0,0.0,0.0,0.0,0.0,0.0,0.0,2024-05-21 10:36:09.650649
MBG,0.0,4.3,4.7,0.0,4.3,0.1,170.6,0.0,4.4,4.3,2024-05-21 10:36:09.972826
MDC,0.0,0.0,0.0,0.0,0.0,0.0,0.0,0.0,0.0,0.0,2024-05-21 10:36:10.658415
MED,0.0,27.0,29.7,0.0,0.0,0.0,0.0,0.0,0.0,0.0,2024-05-21 10:36:11.029999
MEL,0.0,6.7,7.3,0.0,0.0,0.0,0.0,0.0,0.0,0.0,2024-05-21 10:36:11.382207
MHL,0.0,3.3,3.6,0.0,0.0,0.0,0.0,0.0,0.0,0.0,2024-05-21 10:36:11.852357
MKV,0.0,9.7,10.6,0.2,9.9,0.1,0.1,0.0,9.9,9.9,2024-05-21 10:36:12.440801
MST,0.0,5.6,6.1,0.2,5.8,0.8,592.1,0.0,5.8,5.6,2024-05-21 10:36:12.874056
MVB,0.0,21.5,23.6,0.0,0.0,0.0,0.0,0.0,0.0,0.0,2024-05-21 10:36:13.352887
NAG,0.0,11.7,12.8,0.0,11.7,0.4,118.9,0.0,11.9,11.7,2024-05-21 10:36:13.838043
NAP,0.0,9.1,10.0,0.3,9.4,0.2,0.2,0.0,9.4,9.4,2024-05-21 10:36:14.608661
NBC,0.0,13.0,14.3,-0.1,12.9,0.1,43.4,0.0,13.0,12.9,2024-05-21 10:36:15.077294
NBP,0.0,13.0,14.3,0.0,0.0,0.0,0.0,0.0,0.0,0.0,2024-05-21 10:36:15.587938
NBW,0.0,26.2,28.8,0.0,0.0,0.0,0.0,0.0,0.0,0.0,2024-05-21 10:36:16.541520
NDN,0.0,10.7,11.7,-0.1,10.6,8.6,69.8,0.0,10.8,10.6,2024-05-21 10:36:17.073350
NDX,0.0,6.3,6.9,0.0,0.0,0.0,0.0,0.0,0.0,0.0,2024-05-21 10:36:17.554437
NET,0.0,103.5,113.8,0.0,0.0,0.0,0.0,0.0,0.0,0.0,2024-05-21 10:36:18.046815
NFC,0.0,14.8,16.2,0.0,0.0,0.0,0.0,0.0,0.0,0.0,2024-05-21 10:36:18.681130
NHC,0.0,33.0,36.3,0.0,0.0,0.0,0.0,0.0,0.0,0.0,2024-05-21 10:36:19.148967
NRC,0.0,4.7,5.1,-0.1,4.6,0.2,140.5,0.0,4.7,4.5,2024-05-21 10:36:19.683517
NSH,0.0,6.8,7.4,-0.3,6.5,1.8,90.6,0.0,7.0,6.4,2024-05-21 10:36:20.447383
NST,0.0,9.2,10.1,0.0,0.0,0.0,0.0,0.0,0.0,0.0,2024-05-21 10:36:20.984840
NTH,0.0,64.0,70.4,0.0,0.0,0.0,0.0,0.0,0.0,0.0,2024-05-21 10:36:21.357879
NTP,0.0,47.0,51.7,3.3,50.3,1.5,193.1,0.0,51.0,48.0,2024-05-21 10:36:21.862668
NVB,0.0,9.4,10.3,0.0,9.4,0.8,17.5,0.0,9.5,8.5,2024-05-21 10:36:22.638983
OCH,0.0,6.3,6.9,0.0,6.3,1.0,2.8,0.0,6.3,6.3,2024-05-21 10:36:23.117502
ONE,0.0,7.0,7.7,0.0,7.0,1.4,2.5,0.0,7.0,6.7,2024-05-21 10:36:23.614074
PBP,0.0,11.8,12.9,0.1,11.9,0.1,2.4,0.0,11.9,11.8,2024-05-21 10:36:28.358163
PCE,0.0,19.2,21.1,0.0,19.2,0.2,0.2,0.0,19.2,19.2,2024-05-21 10:36:28.854932
PCG,0.0,6.3,6.9,0.0,0.0,0.0,0.0,0.0,0.0,0.0,2024-05-21 10:36:29.380847
PGN,0.0,6.4,7.0,-0.1,6.3,0.3,34.2,0.0,6.4,6.3,2024-05-21 10:36:30.018928
PGS,0.0,32.0,35.2,0.0,0.0,0.0,0.0,0.0,0.0,0.0,2024-05-21 10:36:30.841536
PGT,0.0,3.4,3.7,0.1,3.5,0.1,0.2,0.0,3.5,3.5,2024-05-21 10:36:31.332356
PHN,0.0,75.0,82.5,0.0,0.0,0.0,0.0,0.0,0.0,0.0,2024-05-21 10:36:31.838728
PIA,0.0,26.8,29.4,0.0,0.0,0.0,0.0,0.0,0.0,0.0,2024-05-21 10:36:32.455611
PIC,0.0,16.7,18.3,0.0,0.0,0.0,0.0,0.0,0.0,0.0,2024-05-21 10:36:32.970342
PJC,0.0,28.0,30.8,0.0,28.0,0.2,0.2,0.0,28.0,28.0,2024-05-21 10:36:33.406087
PLC,0.0,29.6,32.5,0.1,29.7,0.1,73.1,0.0,29.8,29.5,2024-05-21 10:36:33.866686
PMB,0.0,10.1,11.1,0.0,0.0,0.0,0.0,0.0,0.0,0.0,2024-05-21 10:36:34.466710
PMC,0.0,87.0,95.7,0.0,87.0,0.1,0.9,0.0,87.0,87.0,2024-05-21 10:36:35.009259
PMP,0.0,14.0,15.4,0.0,0.0,0.0,0.0,0.0,0.0,0.0,2024-05-21 10:36:35.460817
PMS,0.0,32.6,35.8,0.0,0.0,0.0,0.0,0.0,0.0,0.0,2024-05-21 10:36:35.920928
POT,0.0,19.7,21.6,1.8,21.5,0.1,0.1,0.0,21.5,21.5,2024-05-21 10:36:36.605222
PPE,0.0,13.4,14.7,0.0,0.0,0.0,0.0,0.0,0.0,0.0,2024-05-21 10:36:37.082576
PPP,0.0,16.9,18.5,0.0,0.0,0.0,0.0,0.0,0.0,0.0,2024-05-21 10:36:37.513533
PPS,0.0,10.8,11.8,0.0,10.8,0.1,0.2,0.0,10.8,10.8,2024-05-21 10:36:37.978470
PPT,0.0,11.9,13.0,-0.2,11.7,0.3,61.7,0.0,11.9,11.7,2024-05-21 10:36:38.527877
PPY,0.0,9.0,9.9,0.1,9.1,0.1,0.1,0.0,9.1,9.1,2024-05-21 10:36:38.985059
PRC,0.0,21.6,23.7,0.3,21.9,0.2,2.6,0.0,21.9,21.6,2024-05-21 10:36:39.501838
PRE,0.0,19.3,21.2,-0.3,19.0,1.0,1.0,0.0,19.0,19.0,2024-05-21 10:36:39.991798
PSC,0.0,11.1,12.2,0.0,0.0,0.0,0.0,0.0,0.0,0.0,2024-05-21 10:36:40.954188
PSD,0.0,13.3,14.6,0.1,13.4,1.7,105.0,0.0,13.5,13.2,2024-05-21 10:36:41.335015
PSE,0.0,10.4,11.4,0.0,0.0,0.0,0.0,0.0,0.0,0.0,2024-05-21 10:36:41.742154
PSI,0.0,8.0,8.8,0.1,8.1,1.3,65.4,0.0,8.1,8.0,2024-05-21 10:36:42.109458
PSW,0.0,8.0,8.8,0.0,8.0,0.4,0.5,0.0,8.0,8.0,2024-05-21 10:36:42.560112
PTD,0.0,10.5,11.5,0.0,0.0,0.0,0.0,0.0,0.0,0.0,2024-05-21 10:36:42.938871
PTI,0.0,32.1,35.3,0.0,32.1,0.1,0.2,0.0,32.1,32.1,2024-05-21 10:36:43.246500
PTS,0.0,8.0,8.8,0.0,0.0,0.0,0.0,0.0,0.0,0.0,2024-05-21 10:36:43.623327
PV2,0.0,3.0,3.3,0.0,3.0,1.0,75.8,0.0,3.1,2.9,2024-05-21 10:36:43.965698
PVB,0.0,29.5,32.4,0.9,30.4,0.6,253.5,0.0,30.6,29.5,2024-05-21 10:36:44.519687
PVC,0.0,15.7,17.2,0.3,16.0,0.1,979.6,0.0,16.1,15.6,2024-05-21 10:36:44.856770
PVG,0.0,8.7,9.5,0.0,8.7,0.5,1.6,0.0,8.7,8.7,2024-05-21 10:36:45.157809
PVI,0.0,53.9,59.2,-0.1,53.8,0.2,7.6,0.0,54.0,53.6,2024-05-21 10:36:45.491193
PVS,0.0,44.7,49.1,0.5,45.2,0.1,3600.7,0.0,45.4,44.1,2024-05-21 10:36:45.808047
QHD,0.0,37.9,41.6,0.0,0.0,0.0,0.0,0.0,0.0,0.0,2024-05-21 10:36:46.140494
QST,0.0,20.2,22.2,0.0,0.0,0.0,0.0,0.0,0.0,0.0,2024-05-21 10:36:46.702080
QTC,0.0,12.1,13.3,0.0,0.0,0.0,0.0,0.0,0.0,0.0,2024-05-21 10:36:47.042553
RCL,0.0,12.4,13.6,0.0,12.4,0.2,0.2,0.0,12.4,12.4,2024-05-21 10:36:47.434885
S55,0.0,48.5,53.3,0.0,0.0,0.0,0.0,0.0,0.0,0.0,2024-05-21 10:36:52.081838
S99,0.0,12.8,14.0,0.0,12.8,5.0,193.6,0.0,13.0,12.7,2024-05-21 10:36:52.574046
SAF,0.0,49.0,53.9,0.0,0.0,0.0,0.0,0.0,0.0,0.0,2024-05-21 10:36:52.995169
SD9,0.0,0.0,0.0,0.0,0.0,0.0,0.0,0.0,0.0,0.0,2024-05-21 10:36:53.772369
SDA,0.0,6.1,6.7,-0.1,6.0,1.0,10.3,0.0,6.1,6.0,2024-05-21 10:36:54.257928
SDC,0.0,7.5,8.2,0.0,0.0,0.0,0.0,0.0,0.0,0.0,2024-05-21 10:36:54.756763
SDG,0.0,16.8,18.4,0.0,16.8,1.0,1.0,0.0,16.8,16.8,2024-05-21 10:36:55.269791
SDN,0.0,31.0,34.1,0.0,0.0,0.0,0.0,0.0,0.0,0.0,2024-05-21 10:36:55.715720
SDU,0.0,19.6,21.5,0.0,0.0,0.0,0.0,0.0,0.0,0.0,2024-05-21 10:36:56.277933
SEB,0.0,47.2,51.9,0.0,47.2,0.1,1.6,0.0,47.2,47.2,2024-05-21 10:36:56.762151
SED,0.0,22.0,24.2,-0.2,21.8,0.1,16.1,0.0,22.0,21.8,2024-05-21 10:36:57.263818
SFN,0.0,21.7,23.8,0.0,0.0,0.0,0.0,0.0,0.0,0.0,2024-05-21 10:36:57.763189
SGC,0.0,82.0,90.2,0.0,0.0,0.0,0.0,0.0,0.0,0.0,2024-05-21 10:36:58.207938
SGD,0.0,9.8,10.7,0.0,0.0,0.0,0.0,0.0,0.0,0.0,2024-05-21 10:36:58.661173
SGH,0.0,26.6,29.2,0.0,0.0,0.0,0.0,0.0,0.0,0.0,2024-05-21 10:36:59.144066
SHE,0.0,9.0,9.9,0.0,9.0,0.1,0.4,0.0,9.1,9.0,2024-05-21 10:36:59.574712
SHN,0.0,7.1,7.8,0.5,7.6,0.1,0.1,0.0,7.6,7.6,2024-05-21 10:37:00.107612
SHS,0.0,19.6,21.5,-0.1,19.5,0.1,6170.2,0.0,19.7,17.7,2024-05-21 10:37:00.567315
SJ1,0.0,11.6,12.7,0.0,0.0,0.0,0.0,0.0,0.0,0.0,2024-05-21 10:37:01.047886
SJE,0.0,20.7,22.7,0.0,20.7,0.5,30.2,0.0,20.8,20.5,2024-05-21 10:37:02.037818
SLS,0.0,162.5,178.7,5.5,168.0,0.1,16.0,0.0,169.0,162.5,2024-05-21 10:37:02.491222
SMN,0.0,11.9,13.0,0.0,0.0,0.0,0.0,0.0,0.0,0.0,2024-05-21 10:37:02.905706
SMT,0.0,6.1,6.7,-0.5,5.6,0.1,0.2,0.0,5.7,5.6,2024-05-21 10:37:03.388548
SPC,0.0,8.6,9.4,0.0,0.0,0.0,0.0,0.0,0.0,0.0,2024-05-21 10:37:03.917605
SPI,0.0,2.7,2.9,0.0,2.7,0.2,42.5,0.0,2.7,2.6,2024-05-21 10:37:04.400937
SRA,0.0,3.7,4.0,-0.1,3.6,1.8,93.8,0.0,3.7,3.6,2024-05-21 10:37:04.976727
SSM,0.0,6.1,6.7,0.0,0.0,0.0,0.0,0.0,0.0,0.0,2024-05-21 10:37:05.481701
STC,0.0,17.5,19.2,0.5,18.0,0.1,0.2,0.0,18.0,17.5,2024-05-21 10:37:05.970678
STP,0.0,11.2,12.3,-0.8,10.4,0.1,0.3,0.0,11.4,10.4,2024-05-21 10:37:06.533326
SVN,0.0,3.4,3.7,0.0,3.4,1.0,1.0,0.0,3.4,3.4,2024-05-21 10:37:07.049613
SZB,0.0,42.8,47.0,-0.6,42.2,1.0,4.8,0.0,42.3,42.2,2024-05-21 10:37:07.588355
TA9,0.0,13.4,14.7,-0.1,13.3,0.5,7.7,0.0,13.3,13.2,2024-05-21 10:37:07.965432
TBX,0.0,22.3,24.5,0.0,0.0,0.0,0.0,0.0,0.0,0.0,2024-05-21 10:37:08.360662
TC6,0.0,10.4,11.4,0.1,10.5,0.7,48.2,0.0,10.5,10.3,2024-05-21 10:37:08.894783
TDN,0.0,11.1,12.2,-0.1,11.0,0.1,82.3,0.0,11.2,10.9,2024-05-21 10:37:09.397036
TDT,0.0,7.4,8.1,0.0,7.4,10.0,79.0,0.0,7.4,7.1,2024-05-21 10:37:09.890362
TET,0.0,28.6,31.4,0.0,0.0,0.0,0.0,0.0,0.0,0.0,2024-05-21 10:37:10.432793
TFC,0.0,12.5,13.7,0.0,12.5,0.3,1.5,0.0,12.6,12.4,2024-05-21 10:37:10.929566
THB,0.0,11.9,13.0,0.0,0.0,0.0,0.0,0.0,0.0,0.0,2024-05-21 10:37:11.379243
THD,0.0,35.7,39.2,0.0,35.7,0.6,1.5,0.0,35.8,35.7,2024-05-21 10:37:11.797395
THS,0.0,11.0,12.1,0.0,0.0,0.0,0.0,0.0,0.0,0.0,2024-05-21 10:37:12.304779
THT,0.0,13.5,14.8,-0.1,13.4,2.1,29.1,0.0,13.5,13.4,2024-05-21 10:37:12.807424
TIG,0.0,14.7,16.1,0.2,14.9,3.0,2785.1,0.0,15.2,14.3,2024-05-21 10:37:13.192901
TJC,0.0,15.6,17.1,0.5,16.1,0.1,0.2,0.0,16.1,16.1,2024-05-21 10:37:13.742240
TKG,0.0,5.9,6.4,-0.3,5.6,0.8,134.2,0.0,5.8,5.6,2024-05-21 10:37:14.257446
TKU,0.0,17.9,19.6,-1.6,16.3,0.8,1.0,0.0,16.3,16.3,2024-05-21 10:37:14.701557
WCS,0.0,195.0,214.5,0.0,0.0,0.0,0.0,0.0,0.0,0.0,2024-05-21 10:37:18.824356
WSS,0.0,5.7,6.2,0.0,5.7,1.2,5.6,0.0,5.9,5.6,2024-05-21 10:37:19.181742
X20,0.0,11.0,12.1,0.0,0.0,0.0,0.0,0.0,0.0,0.0,2024-05-21 10:37:19.491848
A32,0.0,32.2,37.0,0.0,0.0,0.0,0.0,0.0,0.0,0.0,2024-05-21 10:37:24.293795
AAH,0.0,6.3,7.2,0.1,6.4,0.2,5823.5,0.0,7.2,6.3,2024-05-21 10:37:24.741951
AAS,0.0,8.6,9.8,0.0,8.6,0.7,513.2,0.0,8.7,8.6,2024-05-21 10:37:25.282421
ACM,0.0,0.6,0.7,0.0,0.0,0.0,0.0,0.0,0.0,0.0,2024-05-21 10:37:25.935328
ACS,0.0,6.9,7.9,0.0,0.0,0.0,0.0,0.0,0.0,0.0,2024-05-21 10:37:26.430978
ACV,0.0,101.3,116.4,-2.3,99.0,0.4,82.5,0.0,101.0,98.0,2024-05-21 10:37:26.974958
AFX,0.0,8.7,10.0,-0.1,8.6,1.6,21.2,0.0,8.7,8.6,2024-05-21 10:37:27.492929
AG1,0.0,8.3,9.5,0.0,0.0,0.0,0.0,0.0,0.0,0.0,2024-05-21 10:37:27.906405
AGF,0.0,2.5,2.8,0.0,0.0,0.0,0.0,0.0,0.0,0.0,2024-05-21 10:37:28.344437
AGP,0.0,39.2,45.0,1.9,41.1,0.9,13.6,0.0,43.9,39.2,2024-05-21 10:37:28.839114
AGX,0.0,52.0,59.8,0.0,0.0,0.0,0.0,0.0,0.0,0.0,2024-05-21 10:37:29.391905
AIC,0.0,11.8,13.5,0.0,0.0,0.0,0.0,0.0,0.0,0.0,2024-05-21 10:37:29.856940
ALV,0.0,9.2,10.5,0.0,9.2,0.4,48.5,0.0,10.3,9.2,2024-05-21 10:37:30.368618
AMD,0.0,1.1,1.5,0.0,0.0,0.0,0.0,0.0,0.0,0.0,2024-05-21 10:37:30.851497
AMP,0.0,19.0,21.8,0.0,0.0,0.0,0.0,0.0,0.0,0.0,2024-05-21 10:37:31.251881
AMS,0.0,10.0,11.5,0.0,10.0,0.1,4.5,0.0,10.2,10.0,2024-05-21 10:37:31.644533
ANT,0.0,11.2,12.8,0.4,11.6,0.3,8.3,0.0,11.6,11.2,2024-05-21 10:37:32.113957
APC,0.0,7.9,9.0,-0.1,7.8,1.0,4.5,0.0,7.8,7.6,2024-05-21 10:37:32.565218
APF,0.0,69.0,79.3,-1.0,68.0,2.0,12.1,0.0,69.5,68.0,2024-05-21 10:37:33.001943
APL,0.0,20.4,23.4,0.0,0.0,0.0,0.0,0.0,0.0,0.0,2024-05-21 10:37:33.494057
APP,0.0,6.8,7.8,0.0,0.0,0.0,0.0,0.0,0.0,0.0,2024-05-21 10:37:33.999682
APT,0.0,3.7,4.2,0.0,0.0,0.0,0.0,0.0,0.0,0.0,2024-05-21 10:37:34.487664
ART,0.0,1.3,1.8,0.0,0.0,0.0,0.0,0.0,0.0,0.0,2024-05-21 10:37:34.975265
ASA,0.0,12.6,14.4,0.0,0.0,0.0,0.0,0.0,0.0,0.0,2024-05-21 10:37:35.453661
ATA,0.0,0.8,0.9,0.0,0.0,0.0,0.0,0.0,0.0,0.0,2024-05-21 10:37:35.887145
ATB,0.0,0.7,0.8,0.0,0.0,0.0,0.0,0.0,0.0,0.0,2024-05-21 10:37:36.319048
ATG,0.0,6.1,7.0,0.0,0.0,0.0,0.0,0.0,0.0,0.0,2024-05-21 10:37:36.766937
AVC,0.0,58.0,66.7,-0.3,57.7,0.3,0.3,0.0,57.7,57.7,2024-05-21 10:37:37.226833
AVF,0.0,0.4,0.5,0.0,0.0,0.0,0.0,0.0,0.0,0.0,2024-05-21 10:37:37.713889
B82,0.0,0.5,0.6,0.0,0.0,0.0,0.0,0.0,0.0,0.0,2024-05-21 10:37:38.166815
BAL,0.0,9.2,10.5,0.0,0.0,0.0,0.0,0.0,0.0,0.0,2024-05-21 10:37:38.644590
BBH,0.0,11.4,15.9,0.0,0.0,0.0,0.0,0.0,0.0,0.0,2024-05-21 10:37:39.154826
BBM,0.0,10.7,12.3,0.0,0.0,0.0,0.0,0.0,0.0,0.0,2024-05-21 10:37:39.653371
BBT,0.0,8.1,9.3,0.0,0.0,0.0,0.0,0.0,0.0,0.0,2024-05-21 10:37:40.082519
BCA,0.0,19.2,22.0,-0.3,18.9,0.1,35.9,0.0,19.2,18.8,2024-05-21 10:37:40.562727
BCB,0.0,0.5,0.7,0.0,0.0,0.0,0.0,0.0,0.0,0.0,2024-05-21 10:37:40.947404
BCO,0.0,11.0,15.4,0.0,0.0,0.0,0.0,0.0,0.0,0.0,2024-05-21 10:37:41.266357
BCP,0.0,10.3,11.8,0.0,0.0,0.0,0.0,0.0,0.0,0.0,2024-05-21 10:37:41.811351
BCR,0.0,5.8,6.6,-0.1,5.7,0.2,193.3,0.0,5.9,5.7,2024-05-21 10:37:42.262930
BCV,0.0,21.5,30.1,0.0,0.0,0.0,0.0,0.0,0.0,0.0,2024-05-21 10:37:42.674675
BDG,0.0,32.0,36.8,0.0,0.0,0.0,0.0,0.0,0.0,0.0,2024-05-21 10:37:43.118721
BDT,0.0,11.4,13.1,0.0,11.4,0.1,14.4,0.0,11.4,11.4,2024-05-21 10:37:43.592643
BDW,0.0,22.4,25.7,0.0,0.0,0.0,0.0,0.0,0.0,0.0,2024-05-21 10:37:44.121138
BEL,0.0,20.5,23.5,0.0,0.0,0.0,0.0,0.0,0.0,0.0,2024-05-21 10:37:44.541985
BGW,0.0,16.0,18.4,0.0,0.0,0.0,0.0,0.0,0.0,0.0,2024-05-21 10:37:45.017465
D17,0.0,49.9,57.3,0.0,0.0,0.0,0.0,0.0,0.0,0.0,2024-05-21 10:37:50.064203
DAC,0.0,7.4,10.3,0.0,0.0,0.0,0.0,0.0,0.0,0.0,2024-05-21 10:37:50.597242
DAN,0.0,34.3,39.4,0.0,0.0,0.0,0.0,0.0,0.0,0.0,2024-05-21 10:37:51.093294
DCH,0.0,10.1,14.1,0.0,0.0,0.0,0.0,0.0,0.0,0.0,2024-05-21 10:37:51.691048
DCR,0.0,5.8,6.6,0.0,0.0,0.0,0.0,0.0,0.0,0.0,2024-05-21 10:37:52.209177
DCS,0.0,0.6,0.7,0.0,0.0,0.0,0.0,0.0,0.0,0.0,2024-05-21 10:37:52.556177
DCT,0.0,0.7,0.8,0.0,0.0,0.0,0.0,0.0,0.0,0.0,2024-05-21 10:37:52.961828
DDH,0.0,15.9,22.2,0.0,0.0,0.0,0.0,0.0,0.0,0.0,2024-05-21 10:37:53.358319
DDM,0.0,1.3,1.4,0.0,0.0,0.0,0.0,0.0,0.0,0.0,2024-05-21 10:37:53.746619
DDN,0.0,7.9,9.0,0.0,0.0,0.0,0.0,0.0,0.0,0.0,2024-05-21 10:37:54.170519
DDV,0.0,19.4,22.3,-0.4,19.0,0.2,839.6,0.0,19.2,18.7,2024-05-21 10:37:54.524956
DFC,0.0,20.5,23.5,0.0,0.0,0.0,0.0,0.0,0.0,0.0,2024-05-21 10:37:54.784910
DFF,0.0,8.8,10.1,1.2,10.0,0.2,0.2,0.0,10.0,10.0,2024-05-21 10:37:55.081701
DGT,0.0,6.1,7.0,0.1,6.2,1.5,243.6,0.0,6.3,6.1,2024-05-21 10:37:57.112025
DHB,0.0,9.0,10.3,0.2,9.2,0.1,0.6,0.0,9.2,9.1,2024-05-21 10:37:57.528028
DHD,0.0,23.3,26.7,0.0,0.0,0.0,0.0,0.0,0.0,0.0,2024-05-21 10:37:57.940407
DHN,0.0,21.0,24.1,0.0,0.0,0.0,0.0,0.0,0.0,0.0,2024-05-21 10:37:58.352491
DIC,0.0,1.2,1.3,0.0,0.0,0.0,0.0,0.0,0.0,0.0,2024-05-21 10:37:58.720105
DID,0.0,4.0,4.6,0.0,4.0,1.3,2.2,0.0,4.0,4.0,2024-05-21 10:37:59.152269
DKC,0.0,1.8,2.5,0.0,0.0,0.0,0.0,0.0,0.0,0.0,2024-05-21 10:37:59.557193
DLD,0.0,6.4,8.9,0.0,0.0,0.0,0.0,0.0,0.0,0.0,2024-05-21 10:37:59.935776
DLR,0.0,11.9,13.6,0.0,0.0,0.0,0.0,0.0,0.0,0.0,2024-05-21 10:38:00.336251
DLT,0.0,8.6,12.0,0.0,0.0,0.0,0.0,0.0,0.0,0.0,2024-05-21 10:38:00.871380
DM7,0.0,20.0,23.0,0.0,0.0,0.0,0.0,0.0,0.0,0.0,2024-05-21 10:38:01.329165
DMN,0.0,5.7,6.5,0.3,6.0,0.1,0.1,0.0,6.0,6.0,2024-05-21 10:38:01.880831
DMS,0.0,8.6,9.8,0.0,0.0,0.0,0.0,0.0,0.0,0.0,2024-05-21 10:38:02.420463
DNA,0.0,24.1,27.7,0.0,0.0,0.0,0.0,0.0,0.0,0.0,2024-05-21 10:38:02.884023
DND,0.0,17.0,19.5,0.0,0.0,0.0,0.0,0.0,0.0,0.0,2024-05-21 10:38:03.366156
DNE,0.0,9.3,10.6,0.0,9.3,0.1,0.4,0.0,9.3,9.3,2024-05-21 10:38:03.824408
DNH,0.0,50.0,57.5,0.0,0.0,0.0,0.0,0.0,0.0,0.0,2024-05-21 10:38:04.358534
DNL,0.0,24.2,27.8,0.0,0.0,0.0,0.0,0.0,0.0,0.0,2024-05-21 10:38:04.879301
DNM,0.0,18.4,21.1,0.0,0.0,0.0,0.0,0.0,0.0,0.0,2024-05-21 10:38:05.392200
DNN,0.0,0.2,0.3,0.0,0.0,0.0,0.0,0.0,0.0,0.0,2024-05-21 10:38:05.955192
DNT,0.0,38.9,44.7,0.0,0.0,0.0,0.0,0.0,0.0,0.0,2024-05-21 10:38:06.445496
DNW,0.0,30.0,34.5,0.0,0.0,0.0,0.0,0.0,0.0,0.0,2024-05-21 10:38:06.954332
DOC,0.0,8.5,9.7,0.0,0.0,0.0,0.0,0.0,0.0,0.0,2024-05-21 10:38:07.492530
DOP,0.0,14.9,20.8,0.0,0.0,0.0,0.0,0.0,0.0,0.0,2024-05-21 10:38:07.962711
DP1,0.0,36.1,41.5,0.0,36.1,0.3,0.5,0.0,36.2,36.1,2024-05-21 10:38:08.522708
DP2,0.0,4.8,5.5,0.0,0.0,0.0,0.0,0.0,0.0,0.0,2024-05-21 10:38:09.009536
DPH,0.0,45.9,52.7,0.0,0.0,0.0,0.0,0.0,0.0,0.0,2024-05-21 10:38:09.522981
DPP,0.0,20.8,23.9,0.0,0.0,0.0,0.0,0.0,0.0,0.0,2024-05-21 10:38:10.046726
DPS,0.0,0.4,0.5,0.0,0.0,0.0,0.0,0.0,0.0,0.0,2024-05-21 10:38:10.491082
DRG,0.0,8.5,9.7,0.0,0.0,0.0,0.0,0.0,0.0,0.0,2024-05-21 10:38:10.999058
DRI,0.0,13.2,15.1,0.0,13.2,0.1,270.7,0.0,13.3,13.0,2024-05-21 10:38:11.441637
DSC,0.0,25.8,29.6,-0.1,25.7,0.4,161.8,0.0,26.3,25.4,2024-05-21 10:38:11.905869
G20,0.0,0.5,0.6,0.0,0.0,0.0,0.0,0.0,0.0,0.0,2024-05-21 10:38:17.759929
G36,0.0,7.2,8.2,0.1,7.3,0.1,83.3,0.0,7.4,7.2,2024-05-21 10:38:18.256041
GAB,0.0,196.4,274.9,0.0,0.0,0.0,0.0,0.0,0.0,0.0,2024-05-21 10:38:18.745019
GGG,0.0,4.4,5.0,0.0,0.0,0.0,0.0,0.0,0.0,0.0,2024-05-21 10:38:19.456035
GH3,0.0,7.0,9.8,0.0,0.0,0.0,0.0,0.0,0.0,0.0,2024-05-21 10:38:19.867451
GHC,0.0,29.6,34.0,0.1,29.7,0.8,8.9,0.0,29.8,29.5,2024-05-21 10:38:20.383078
GLC,0.0,10.0,14.0,0.0,0.0,0.0,0.0,0.0,0.0,0.0,2024-05-21 10:38:20.828039
GLW,0.0,11.1,12.7,0.0,0.0,0.0,0.0,0.0,0.0,0.0,2024-05-21 10:38:21.239413
GND,0.0,28.4,32.6,4.2,32.6,0.2,0.3,0.0,32.6,28.7,2024-05-21 10:38:21.647023
GPC,0.0,3.8,4.3,0.0,0.0,0.0,0.0,0.0,0.0,0.0,2024-05-21 10:38:22.128552
GSM,0.0,21.5,24.7,0.9,22.4,0.2,0.2,0.0,22.4,22.4,2024-05-21 10:38:22.643122
GTD,0.0,9.8,11.2,0.0,0.0,0.0,0.0,0.0,0.0,0.0,2024-05-21 10:38:23.118384
GTS,0.0,10.4,11.9,0.0,0.0,0.0,0.0,0.0,0.0,0.0,2024-05-21 10:38:23.540464
GTT,0.0,0.3,0.4,0.0,0.0,0.0,0.0,0.0,0.0,0.0,2024-05-21 10:38:23.980054
GVT,0.0,78.0,89.7,0.0,0.0,0.0,0.0,0.0,0.0,0.0,2024-05-21 10:38:24.463313
H11,0.0,6.1,7.0,0.7,6.8,0.2,1.4,0.0,6.8,6.8,2024-05-21 10:38:24.935992
HAC,0.0,14.0,16.1,0.0,14.0,0.5,0.5,0.0,14.0,14.0,2024-05-21 10:38:25.406803
HAF,0.0,18.5,21.2,1.5,20.0,0.3,0.3,0.0,20.0,20.0,2024-05-21 10:38:25.948868
HAI,0.0,1.5,2.1,0.0,0.0,0.0,0.0,0.0,0.0,0.0,2024-05-21 10:38:26.422544
HAM,0.0,31.0,35.6,0.0,0.0,0.0,0.0,0.0,0.0,0.0,2024-05-21 10:38:26.932400
HAN,0.0,9.4,10.8,-0.1,9.3,3.0,3.7,0.0,9.3,9.3,2024-05-21 10:38:27.377846
HAV,0.0,3.0,3.4,0.0,3.0,0.2,0.2,0.0,3.0,3.0,2024-05-21 10:38:27.886102
HBD,0.0,16.1,18.5,0.0,0.0,0.0,0.0,0.0,0.0,0.0,2024-05-21 10:38:28.413708
HBH,0.0,6.0,6.9,0.0,6.0,0.1,0.1,0.0,6.0,6.0,2024-05-21 10:38:28.849833
HC1,0.0,7.1,9.9,0.0,0.0,0.0,0.0,0.0,0.0,0.0,2024-05-21 10:38:29.324352
HC3,0.0,27.9,32.0,-1.6,26.3,0.1,0.3,0.0,26.5,26.3,2024-05-21 10:38:29.818811
HCB,0.0,21.8,25.0,0.0,0.0,0.0,0.0,0.0,0.0,0.0,2024-05-21 10:38:30.328739
HCI,0.0,11.0,15.4,0.0,0.0,0.0,0.0,0.0,0.0,0.0,2024-05-21 10:38:30.690355
HD2,0.0,22.0,25.3,0.0,22.0,0.1,0.8,0.0,22.0,22.0,2024-05-21 10:38:31.070527
HD6,0.0,17.8,20.4,0.1,17.9,3.0,11.2,0.0,17.9,17.8,2024-05-21 10:38:31.401721
HD8,0.0,10.6,12.1,-0.2,10.4,1.0,2.0,0.0,10.6,10.4,2024-05-21 10:38:31.781126
HDM,0.0,29.4,33.8,0.1,29.5,1.0,1.0,0.0,29.5,29.5,2024-05-21 10:38:32.120801
HDO,0.0,0.4,0.5,0.0,0.0,0.0,0.0,0.0,0.0,0.0,2024-05-21 10:38:32.463215
HDP,0.0,16.4,18.8,0.0,0.0,0.0,0.0,0.0,0.0,0.0,2024-05-21 10:38:32.836692
HDS,0.0,8.3,11.6,0.0,0.0,0.0,0.0,0.0,0.0,0.0,2024-05-21 10:38:33.191811
HDW,0.0,11.7,13.4,0.0,0.0,0.0,0.0,0.0,0.0,0.0,2024-05-21 10:38:33.566077
HEC,0.0,58.5,67.2,0.0,0.0,0.0,0.0,0.0,0.0,0.0,2024-05-21 10:38:33.930045
HEJ,0.0,10.9,12.5,0.5,11.4,0.1,0.1,0.0,11.4,11.4,2024-05-21 10:38:34.278842
HEP,0.0,13.1,15.0,0.0,0.0,0.0,0.0,0.0,0.0,0.0,2024-05-21 10:38:34.651365
HES,0.0,18.4,21.1,0.0,0.0,0.0,0.0,0.0,0.0,0.0,2024-05-21 10:38:34.951917
HFB,0.0,13.6,15.6,0.0,0.0,0.0,0.0,0.0,0.0,0.0,2024-05-21 10:38:35.296198
HFC,0.0,6.3,7.2,0.0,0.0,0.0,0.0,0.0,0.0,0.0,2024-05-21 10:38:35.693968
HFX,0.0,9.2,10.5,0.0,0.0,0.0,0.0,0.0,0.0,0.0,2024-05-21 10:38:36.081556
HGT,0.0,8.3,11.6,0.0,0.0,0.0,0.0,0.0,0.0,0.0,2024-05-21 10:38:36.403283
HGW,0.0,9.5,10.9,0.0,0.0,0.0,0.0,0.0,0.0,0.0,2024-05-21 10:38:36.724922
JOS,0.0,1.1,1.2,0.0,0.0,0.0,0.0,0.0,0.0,0.0,2024-05-21 10:38:41.609829
KAC,0.0,21.0,24.1,0.0,0.0,0.0,0.0,0.0,0.0,0.0,2024-05-21 10:38:42.110190
KCB,0.0,8.5,9.7,0.7,9.2,0.1,9.4,0.0,9.2,8.5,2024-05-21 10:38:42.766778
KIP,0.0,10.0,11.5,0.0,0.0,0.0,0.0,0.0,0.0,0.0,2024-05-21 10:38:43.460773
KLB,0.0,11.4,13.1,0.7,12.1,0.1,1884.9,0.0,12.5,11.4,2024-05-21 10:38:43.884625
KLF,0.0,0.8,1.1,0.0,0.0,0.0,0.0,0.0,0.0,0.0,2024-05-21 10:38:44.368826
KLM,0.0,9.2,12.8,0.0,0.0,0.0,0.0,0.0,0.0,0.0,2024-05-21 10:38:44.836486
KSH,0.0,0.5,0.6,0.0,0.0,0.0,0.0,0.0,0.0,0.0,2024-05-21 10:38:45.321429
KTC,0.0,9.5,10.9,-1.2,8.3,0.2,0.2,0.0,8.3,8.3,2024-05-21 10:38:45.799301
KTL,0.0,21.2,24.3,0.0,21.2,0.1,0.6,0.0,21.2,21.2,2024-05-21 10:38:46.288079
KTW,0.0,10.6,14.8,0.0,0.0,0.0,0.0,0.0,0.0,0.0,2024-05-21 10:38:46.774517
KVC,0.0,2.1,2.4,0.0,2.1,1.0,38.7,0.0,2.2,2.1,2024-05-21 10:38:47.300411
L12,0.0,4.3,4.9,0.0,0.0,0.0,0.0,0.0,0.0,0.0,2024-05-21 10:38:47.835545
L35,0.0,4.2,4.8,0.0,0.0,0.0,0.0,0.0,0.0,0.0,2024-05-21 10:38:48.310371
L44,0.0,0.6,0.7,0.0,0.0,0.0,0.0,0.0,0.0,0.0,2024-05-21 10:38:48.807706
L45,0.0,2.8,3.2,0.1,2.9,0.6,1.5,0.0,2.9,2.8,2024-05-21 10:38:49.333023
L63,0.0,6.3,7.2,0.0,0.0,0.0,0.0,0.0,0.0,0.0,2024-05-21 10:38:49.826562
LAI,0.0,67.4,77.5,0.8,68.2,0.1,1.1,0.0,70.9,68.2,2024-05-21 10:38:50.324058
LAW,0.0,18.0,20.7,0.0,0.0,0.0,0.0,0.0,0.0,0.0,2024-05-21 10:38:50.773981
LBC,0.0,11.5,13.2,0.0,0.0,0.0,0.0,0.0,0.0,0.0,2024-05-21 10:38:51.182891
LCC,0.0,3.4,3.9,0.0,0.0,0.0,0.0,0.0,0.0,0.0,2024-05-21 10:38:51.574779
LCM,0.0,2.5,2.8,0.1,2.6,8.3,16.6,0.0,2.6,2.5,2024-05-21 10:38:52.058419
LCS,0.0,0.8,0.9,0.0,0.0,0.0,0.0,0.0,0.0,0.0,2024-05-21 10:38:52.503380
LDW,0.0,14.2,16.3,0.0,0.0,0.0,0.0,0.0,0.0,0.0,2024-05-21 10:38:53.016299
LG9,0.0,5.8,6.6,0.0,0.0,0.0,0.0,0.0,0.0,0.0,2024-05-21 10:38:53.504436
LGM,0.0,15.1,17.3,0.0,0.0,0.0,0.0,0.0,0.0,0.0,2024-05-21 10:38:54.007614
LIC,0.0,19.4,22.3,0.4,19.8,0.8,1.1,0.0,19.9,19.8,2024-05-21 10:38:54.481168
LKW,0.0,34.0,39.1,0.0,34.0,0.1,0.1,0.0,34.0,34.0,2024-05-21 10:38:55.021553
LLM,0.0,10.4,11.9,0.0,0.0,0.0,0.0,0.0,0.0,0.0,2024-05-21 10:38:55.500140
LM3,0.0,3.3,3.7,0.0,0.0,0.0,0.0,0.0,0.0,0.0,2024-05-21 10:38:56.034078
LM7,0.0,2.3,2.6,0.0,0.0,0.0,0.0,0.0,0.0,0.0,2024-05-21 10:38:56.531711
LMC,0.0,25.2,28.9,-3.7,21.5,0.8,0.9,0.0,28.8,21.5,2024-05-21 10:38:56.977034
LMH,0.0,1.0,1.1,0.0,0.0,0.0,0.0,0.0,0.0,0.0,2024-05-21 10:38:57.425249
LMI,0.0,10.0,11.5,0.0,0.0,0.0,0.0,0.0,0.0,0.0,2024-05-21 10:38:57.922101
LNC,0.0,10.0,14.0,0.0,0.0,0.0,0.0,0.0,0.0,0.0,2024-05-21 10:38:58.355523
LO5,0.0,0.7,0.8,0.0,0.0,0.0,0.0,0.0,0.0,0.0,2024-05-21 10:38:58.718520
LPT,0.0,9.2,10.5,0.3,9.5,5.0,10.1,0.0,9.5,9.1,2024-05-21 10:38:59.180565
LQN,0.0,2.2,2.5,0.0,0.0,0.0,0.0,0.0,0.0,0.0,2024-05-21 10:38:59.699254
LSG,0.0,9.3,10.6,-0.2,9.1,0.5,3.3,0.0,9.2,9.1,2024-05-21 10:39:00.130447
LTC,0.0,4.5,5.1,0.0,0.0,0.0,0.0,0.0,0.0,0.0,2024-05-21 10:39:00.617248
LTG,0.0,21.8,25.0,0.0,21.8,3.5,143.2,0.0,22.0,21.7,2024-05-21 10:39:01.093186
LUT,0.0,0.6,0.7,0.0,0.0,0.0,0.0,0.0,0.0,0.0,2024-05-21 10:39:01.477874
M10,0.0,20.9,24.0,0.2,21.1,0.5,4.1,0.0,21.2,19.4,2024-05-21 10:39:06.491384
MA1,0.0,22.4,25.7,0.0,0.0,0.0,0.0,0.0,0.0,0.0,2024-05-21 10:39:06.937706
MBN,0.0,7.9,11.0,0.0,0.0,0.0,0.0,0.0,0.0,0.0,2024-05-21 10:39:07.342327
MEC,0.0,5.4,6.2,0.0,0.0,0.0,0.0,0.0,0.0,0.0,2024-05-21 10:39:07.862402
MEF,0.0,4.2,4.8,0.0,0.0,0.0,0.0,0.0,0.0,0.0,2024-05-21 10:39:08.281457
MES,0.0,10.0,14.0,0.0,0.0,0.0,0.0,0.0,0.0,0.0,2024-05-21 10:39:08.668855
MFS,0.0,25.6,29.4,0.0,25.6,0.7,1.0,0.0,25.6,25.6,2024-05-21 10:39:09.026144
MGC,0.0,5.2,5.9,0.3,5.5,0.5,10.6,0.0,5.5,5.4,2024-05-21 10:39:09.374068
MGG,0.0,26.4,30.3,3.1,29.5,1.0,1.3,0.0,29.5,29.3,2024-05-21 10:39:09.706740
MGR,0.0,5.6,6.4,0.0,0.0,0.0,0.0,0.0,0.0,0.0,2024-05-21 10:39:10.175414
MH3,0.0,34.9,40.1,0.0,0.0,0.0,0.0,0.0,0.0,0.0,2024-05-21 10:39:10.477386
MIC,0.0,16.3,18.7,-0.1,16.2,0.2,0.3,0.0,16.3,16.2,2024-05-21 10:39:10.855548
MIE,0.0,5.8,6.6,0.0,0.0,0.0,0.0,0.0,0.0,0.0,2024-05-21 10:39:11.195435
MIM,0.0,4.2,5.8,0.0,0.0,0.0,0.0,0.0,0.0,0.0,2024-05-21 10:39:11.475948
MKP,0.0,30.5,35.0,0.0,0.0,0.0,0.0,0.0,0.0,0.0,2024-05-21 10:39:11.783745
MLC,0.0,17.0,23.8,0.0,0.0,0.0,0.0,0.0,0.0,0.0,2024-05-21 10:39:12.138590
MLS,0.0,11.0,12.6,0.0,0.0,0.0,0.0,0.0,0.0,0.0,2024-05-21 10:39:12.455750
MML,0.0,31.9,36.6,4.6,36.5,0.1,173.1,0.0,36.6,33.2,2024-05-21 10:39:12.803122
MNB,0.0,24.2,27.8,0.0,0.0,0.0,0.0,0.0,0.0,0.0,2024-05-21 10:39:13.114648
MND,0.0,10.7,12.3,0.0,0.0,0.0,0.0,0.0,0.0,0.0,2024-05-21 10:39:13.556791
MPC,0.0,16.9,19.4,0.3,17.2,0.1,114.2,0.0,17.3,16.9,2024-05-21 10:39:13.993760
MPT,0.0,0.6,0.7,0.0,0.0,0.0,0.0,0.0,0.0,0.0,2024-05-21 10:39:14.368100
MPY,0.0,8.0,11.2,0.0,0.0,0.0,0.0,0.0,0.0,0.0,2024-05-21 10:39:14.825020
MQB,0.0,9.0,12.6,0.0,0.0,0.0,0.0,0.0,0.0,0.0,2024-05-21 10:39:15.347106
MQN,0.0,20.6,23.6,0.0,0.0,0.0,0.0,0.0,0.0,0.0,2024-05-21 10:39:15.845098
MRF,0.0,27.7,31.8,0.0,0.0,0.0,0.0,0.0,0.0,0.0,2024-05-21 10:39:16.309546
MSR,0.0,18.0,20.7,-0.5,17.5,0.1,397.9,0.0,18.0,17.4,2024-05-21 10:39:16.764551
MTA,0.0,3.9,4.4,0.0,3.9,0.1,0.1,0.0,3.9,3.9,2024-05-21 10:39:17.236759
MTB,0.0,9.9,13.8,0.0,0.0,0.0,0.0,0.0,0.0,0.0,2024-05-21 10:39:17.809312
MTC,0.0,3.7,4.2,0.0,0.0,0.0,0.0,0.0,0.0,0.0,2024-05-21 10:39:18.269834
MTG,0.0,10.3,11.8,0.0,0.0,0.0,0.0,0.0,0.0,0.0,2024-05-21 10:39:18.736019
MTH,0.0,17.8,20.4,2.6,20.4,0.1,0.1,0.0,20.4,20.4,2024-05-21 10:39:19.234476
MTL,0.0,8.4,9.6,0.4,8.8,0.1,21.7,0.0,9.0,8.1,2024-05-21 10:39:19.705182
MTP,0.0,13.1,15.0,0.0,0.0,0.0,0.0,0.0,0.0,0.0,2024-05-21 10:39:20.172326
MTS,0.0,10.1,11.6,0.0,0.0,0.0,0.0,0.0,0.0,0.0,2024-05-21 10:39:20.647017
MTV,0.0,18.0,20.7,0.0,0.0,0.0,0.0,0.0,0.0,0.0,2024-05-21 10:39:21.127987
MVC,0.0,10.4,11.9,0.6,11.0,0.2,1.1,0.0,11.0,11.0,2024-05-21 10:39:21.527544
MVN,0.0,17.6,20.2,0.1,17.7,5.0,8.7,0.0,17.7,17.6,2024-05-21 10:39:22.004031
NAC,0.0,0.5,0.6,0.0,0.0,0.0,0.0,0.0,0.0,0.0,2024-05-21 10:39:22.471997
NAS,0.0,22.9,26.3,0.0,0.0,0.0,0.0,0.0,0.0,0.0,2024-05-21 10:39:22.939743
NAU,0.0,8.0,9.2,0.0,0.0,0.0,0.0,0.0,0.0,0.0,2024-05-21 10:39:23.397003
NAW,0.0,9.0,10.3,0.0,0.0,0.0,0.0,0.0,0.0,0.0,2024-05-21 10:39:23.917163
NBE,0.0,11.7,13.4,0.0,0.0,0.0,0.0,0.0,0.0,0.0,2024-05-21 10:39:24.426103
NBT,0.0,15.5,17.8,0.0,15.5,0.1,0.3,0.0,15.5,15.5,2024-05-21 10:39:24.918022
NCG,0.0,9.5,10.9,0.0,9.5,0.3,3.8,0.0,9.5,9.4,2024-05-21 10:39:25.474855
PAI,0.0,9.7,13.5,0.0,0.0,0.0,0.0,0.0,0.0,0.0,2024-05-21 10:39:30.549767
PAP,0.0,15.8,18.1,0.0,0.0,0.0,0.0,0.0,0.0,0.0,2024-05-21 10:39:31.021765
PAS,0.0,3.9,4.4,0.0,3.9,0.6,8.3,0.0,4.0,3.9,2024-05-21 10:39:31.440295
PCM,0.0,16.2,18.6,0.0,0.0,0.0,0.0,0.0,0.0,0.0,2024-05-21 10:39:32.064666
PCN,0.0,12.9,14.8,0.0,0.0,0.0,0.0,0.0,0.0,0.0,2024-05-21 10:39:32.543449
PDC,0.0,5.3,6.0,-0.1,5.2,1.0,1.1,0.0,5.2,5.2,2024-05-21 10:39:32.974682
PDV,0.0,14.3,16.4,-0.2,14.1,0.3,13.1,0.0,14.3,14.0,2024-05-21 10:39:33.519021
PEC,0.0,9.0,10.3,0.0,0.0,0.0,0.0,0.0,0.0,0.0,2024-05-21 10:39:34.080043
PEG,0.0,7.6,8.7,-0.3,7.3,0.1,0.2,0.0,7.3,7.3,2024-05-21 10:39:34.591648
PEQ,0.0,36.2,41.6,0.0,0.0,0.0,0.0,0.0,0.0,0.0,2024-05-21 10:39:35.054584
PFL,0.0,2.6,2.9,0.0,2.6,0.4,38.1,0.0,2.7,2.5,2024-05-21 10:39:35.625801
PGB,0.0,17.7,20.3,0.3,18.0,0.4,17.2,0.0,18.0,17.7,2024-05-21 10:39:36.106679
PHH,0.0,3.1,3.5,0.0,0.0,0.0,0.0,0.0,0.0,0.0,2024-05-21 10:39:36.563525
PHP,0.0,22.1,25.4,0.2,22.3,0.5,5.6,0.0,22.3,22.2,2024-05-21 10:39:37.063604
PHS,0.0,16.1,18.5,0.0,0.0,0.0,0.0,0.0,0.0,0.0,2024-05-21 10:39:37.586544
PID,0.0,2.8,3.2,0.0,0.0,0.0,0.0,0.0,0.0,0.0,2024-05-21 10:39:38.088459
PIS,0.0,9.6,11.0,0.0,0.0,0.0,0.0,0.0,0.0,0.0,2024-05-21 10:39:38.558989
PIV,0.0,2.6,2.9,0.3,2.9,0.4,279.6,0.0,2.9,2.7,2024-05-21 10:39:39.023469
PJS,0.0,23.0,26.4,0.0,0.0,0.0,0.0,0.0,0.0,0.0,2024-05-21 10:39:39.511750
PLA,0.0,5.8,6.6,0.0,0.0,0.0,0.0,0.0,0.0,0.0,2024-05-21 10:39:39.999333
PLE,0.0,9.6,13.4,0.0,0.0,0.0,0.0,0.0,0.0,0.0,2024-05-21 10:39:40.478402
PLO,0.0,2.9,3.3,0.0,0.0,0.0,0.0,0.0,0.0,0.0,2024-05-21 10:39:40.954998
PMJ,0.0,20.0,23.0,0.0,0.0,0.0,0.0,0.0,0.0,0.0,2024-05-21 10:39:41.367853
PMT,0.0,7.2,8.2,0.0,0.0,0.0,0.0,0.0,0.0,0.0,2024-05-21 10:39:41.804954
PMW,0.0,32.0,36.8,0.0,0.0,0.0,0.0,0.0,0.0,0.0,2024-05-21 10:39:42.317456
PND,0.0,6.9,7.9,0.0,0.0,0.0,0.0,0.0,0.0,0.0,2024-05-21 10:39:42.769799
PNG,0.0,17.6,20.2,0.0,0.0,0.0,0.0,0.0,0.0,0.0,2024-05-21 10:39:43.254813
PNP,0.0,20.2,23.2,0.0,0.0,0.0,0.0,0.0,0.0,0.0,2024-05-21 10:39:43.631759
PNT,0.0,7.5,10.5,0.0,0.0,0.0,0.0,0.0,0.0,0.0,2024-05-21 10:39:43.979068
POB,0.0,50.6,70.8,0.0,0.0,0.0,0.0,0.0,0.0,0.0,2024-05-21 10:39:44.373338
POS,0.0,18.1,20.8,-0.3,17.8,0.1,34.0,0.0,17.9,17.6,2024-05-21 10:39:44.709445
POV,0.0,8.4,9.6,0.0,0.0,0.0,0.0,0.0,0.0,0.0,2024-05-21 10:39:45.018603
PPH,0.0,27.7,31.8,0.3,28.0,0.1,83.1,0.0,28.0,27.7,2024-05-21 10:39:45.362555
PPI,0.0,0.5,0.6,0.0,0.0,0.0,0.0,0.0,0.0,0.0,2024-05-21 10:39:45.709243
PQN,0.0,4.0,5.6,0.0,0.0,0.0,0.0,0.0,0.0,0.0,2024-05-21 10:39:46.094200
PRO,0.0,5.2,5.9,0.0,0.0,0.0,0.0,0.0,0.0,0.0,2024-05-21 10:39:46.483327
PRT,0.0,10.7,12.3,-0.2,10.5,0.3,1.0,0.0,10.5,10.5,2024-05-21 10:39:46.837010
PSB,0.0,5.5,6.3,0.0,5.5,0.1,40.2,0.0,5.5,5.4,2024-05-21 10:39:47.211324
PSG,0.0,0.6,0.7,0.0,0.0,0.0,0.0,0.0,0.0,0.0,2024-05-21 10:39:47.502173
PSL,0.0,12.5,14.3,0.1,12.6,1.0,5.3,0.0,12.6,12.5,2024-05-21 10:39:47.829551
PSN,0.0,10.3,11.8,0.0,0.0,0.0,0.0,0.0,0.0,0.0,2024-05-21 10:39:48.142651
PSP,0.0,9.6,11.0,-0.7,8.9,0.1,0.1,0.0,8.9,8.9,2024-05-21 10:39:48.451239
PTE,0.0,1.9,2.1,0.0,0.0,0.0,0.0,0.0,0.0,0.0,2024-05-21 10:39:48.849870
PTG,0.0,0.5,0.7,0.0,0.0,0.0,0.0,0.0,0.0,0.0,2024-05-21 10:39:49.264250
PTH,0.0,18.5,21.2,0.0,0.0,0.0,0.0,0.0,0.0,0.0,2024-05-21 10:39:49.606528
S12,0.0,2.5,2.8,0.0,0.0,0.0,0.0,0.0,0.0,0.0,2024-05-21 10:39:53.933091
S27,0.0,0.7,0.8,0.0,0.0,0.0,0.0,0.0,0.0,0.0,2024-05-21 10:39:54.466780
S72,0.0,3.5,4.0,0.0,0.0,0.0,0.0,0.0,0.0,0.0,2024-05-21 10:39:54.914912
SAS,0.0,28.1,32.3,-0.1,28.0,0.1,1.4,0.0,28.0,28.0,2024-05-21 10:39:55.634692
SB1,0.0,5.9,6.7,0.0,0.0,0.0,0.0,0.0,0.0,0.0,2024-05-21 10:39:56.109146
SBB,0.0,14.0,16.1,0.0,0.0,0.0,0.0,0.0,0.0,0.0,2024-05-21 10:39:56.585986
SBD,0.0,8.0,9.2,0.0,8.0,2.0,5.0,0.0,8.0,8.0,2024-05-21 10:39:57.076255
SBH,0.0,60.5,69.5,0.0,0.0,0.0,0.0,0.0,0.0,0.0,2024-05-21 10:39:57.559381
SBL,0.0,7.6,8.7,0.0,0.0,0.0,0.0,0.0,0.0,0.0,2024-05-21 10:39:58.004661
SBM,0.0,31.0,35.6,0.0,0.0,0.0,0.0,0.0,0.0,0.0,2024-05-21 10:39:58.458723
SBR,0.0,7.6,8.7,0.0,0.0,0.0,0.0,0.0,0.0,0.0,2024-05-21 10:39:58.990864
SBS,0.0,6.8,7.8,0.0,6.8,0.1,538.6,0.0,6.8,6.7,2024-05-21 10:39:59.480291
SCC,0.0,2.1,2.4,0.0,0.0,0.0,0.0,0.0,0.0,0.0,2024-05-21 10:40:00.004133
SCD,0.0,11.7,16.3,0.0,0.0,0.0,0.0,0.0,0.0,0.0,2024-05-21 10:40:00.426657
SCJ,0.0,4.1,4.7,0.0,4.1,0.9,3.5,0.0,4.2,4.1,2024-05-21 10:40:00.951420
SCL,0.0,37.0,42.5,0.2,37.2,0.2,6.4,0.0,37.2,36.6,2024-05-21 10:40:01.428848
SCO,0.0,5.2,5.9,0.0,0.0,0.0,0.0,0.0,0.0,0.0,2024-05-21 10:40:01.836140
SCY,0.0,13.7,15.7,0.0,0.0,0.0,0.0,0.0,0.0,0.0,2024-05-21 10:40:02.274352
SD1,0.0,0.8,0.9,0.0,0.0,0.0,0.0,0.0,0.0,0.0,2024-05-21 10:40:02.710092
SD2,0.0,4.8,5.5,0.0,4.8,0.2,0.6,0.0,4.8,4.8,2024-05-21 10:40:03.201162
SD3,0.0,5.8,6.6,0.2,6.0,0.1,0.8,0.0,6.5,6.0,2024-05-21 10:40:03.655435
SD4,0.0,3.4,3.9,-0.1,3.3,0.1,0.1,0.0,3.3,3.3,2024-05-21 10:40:04.147715
SD7,0.0,3.6,4.1,0.0,0.0,0.0,0.0,0.0,0.0,0.0,2024-05-21 10:40:04.595526
SD8,0.0,1.5,1.7,0.0,0.0,0.0,0.0,0.0,0.0,0.0,2024-05-21 10:40:05.054809
SDB,0.0,0.5,0.6,0.0,0.0,0.0,0.0,0.0,0.0,0.0,2024-05-21 10:40:05.511402
SDD,0.0,2.0,2.3,0.2,2.2,10.0,141.9,0.0,2.3,2.1,2024-05-21 10:40:06.002679
SDJ,0.0,3.1,3.5,0.0,0.0,0.0,0.0,0.0,0.0,0.0,2024-05-21 10:40:06.451567
SDK,0.0,24.0,27.6,-0.2,23.8,0.3,0.5,0.0,23.8,23.5,2024-05-21 10:40:06.907573
SDP,0.0,1.2,1.3,0.0,0.0,0.0,0.0,0.0,0.0,0.0,2024-05-21 10:40:07.347004
SDT,0.0,4.3,4.9,0.4,4.7,0.3,86.6,0.0,4.7,4.5,2024-05-21 10:40:07.821177
SDV,0.0,36.7,42.2,0.0,0.0,0.0,0.0,0.0,0.0,0.0,2024-05-21 10:40:08.338969
SDX,0.0,1.6,1.8,0.0,0.0,0.0,0.0,0.0,0.0,0.0,2024-05-21 10:40:08.720770
SDY,0.0,1.3,1.4,0.0,0.0,0.0,0.0,0.0,0.0,0.0,2024-05-21 10:40:09.233757
SEA,0.0,29.0,33.3,0.0,29.0,0.1,1.1,0.0,29.0,29.0,2024-05-21 10:40:09.784492
SEP,0.0,21.8,25.0,0.0,0.0,0.0,0.0,0.0,0.0,0.0,2024-05-21 10:40:10.245240
SGB,0.0,13.2,15.1,0.0,13.2,0.1,1.3,0.0,13.2,13.2,2024-05-21 10:40:10.733325
SGI,0.0,13.8,15.8,0.0,13.8,0.2,0.2,0.0,13.8,13.8,2024-05-21 10:40:11.187975
SGP,0.0,20.9,24.0,0.3,21.2,0.5,39.8,0.0,21.3,20.9,2024-05-21 10:40:11.590338
SGS,0.0,18.4,21.1,0.0,0.0,0.0,0.0,0.0,0.0,0.0,2024-05-21 10:40:12.130976
SHC,0.0,10.4,11.9,0.0,0.0,0.0,0.0,0.0,0.0,0.0,2024-05-21 10:40:12.615714
SHG,0.0,2.0,2.3,0.0,0.0,0.0,0.0,0.0,0.0,0.0,2024-05-21 10:40:13.022449
SID,0.0,12.4,14.2,0.2,12.6,0.1,0.2,0.0,12.6,12.0,2024-05-21 10:40:13.508453
SIG,0.0,6.0,6.9,0.0,0.0,0.0,0.0,0.0,0.0,0.0,2024-05-21 10:40:13.940909
SII,0.0,18.0,20.7,0.0,0.0,0.0,0.0,0.0,0.0,0.0,2024-05-21 10:40:14.482043
SIV,0.0,37.0,42.5,-1.8,35.2,1.5,39.0,0.0,35.2,35.0,2024-05-21 10:40:14.915836
WSB,0.0,48.5,55.7,-0.1,48.4,0.1,0.1,0.0,48.4,48.4,2024-05-21 10:40:19.692893
WTC,0.0,12.2,14.0,0.0,0.0,0.0,0.0,0.0,0.0,0.0,2024-05-21 10:40:20.154359
X26,0.0,26.0,29.9,0.0,0.0,0.0,0.0,0.0,0.0,0.0,2024-05-21 10:40:20.526428
XMD,0.0,6.0,6.9,0.6,6.6,0.1,0.1,0.0,6.6,6.6,2024-05-21 10:40:21.011190
XMP,0.0,19.4,22.3,0.0,0.0,0.0,0.0,0.0,0.0,0.0,2024-05-21 10:40:21.451466
XPH,0.0,6.2,7.1,0.0,0.0,0.0,0.0,0.0,0.0,0.0,2024-05-21 10:40:21.774807
YBC,0.0,6.9,9.6,1.1,8.0,0.3,0.4,0.0,8.0,7.9,2024-05-21 10:40:22.148941
YTC,0.0,52.2,60.0,0.0,0.0,0.0,0.0,0.0,0.0,0.0,2024-05-21 10:40:22.526398
