stock-code,reference-price,celling-price,floor-price,price,volume,total-volume,total-value,highest-price,lowest-price,average-price
AAV,0.0,5.2,5.7,0.0,0.0,0.0,0.0,0.0,0.0,0.0
ADC,0.0,18.9,20.7,0.0,0.0,0.0,0.0,0.0,0.0,0.0
ALT,0.0,16.5,18.1,0.0,0.0,0.0,0.0,0.0,0.0,0.0
APS,0.0,0.0,0.0,0.0,0.0,0.0,0.0,0.0,0.0,0.0
ARM,0.0,28.1,30.9,0.0,0.0,0.0,0.0,0.0,0.0,0.0
ATS,0.0,13.4,14.7,0.0,0.0,0.0,0.0,0.0,0.0,0.0
BAB,0.0,12.3,13.5,0.0,0.0,0.0,0.0,0.0,0.0,0.0
BAX,0.0,39.8,43.7,0.0,0.0,0.0,0.0,0.0,0.0,0.0
BBS,0.0,10.3,11.3,0.0,0.0,0.0,0.0,0.0,0.0,0.0
BCC,0.0,8.1,8.9,0.0,0.0,0.0,0.0,0.0,0.0,0.0
BCF,0.0,30.6,33.6,0.0,0.0,0.0,0.0,0.0,0.0,0.0
BDB,0.0,11.8,12.9,0.0,0.0,0.0,0.0,0.0,0.0,0.0
BED,0.0,30.8,33.8,0.0,0.0,0.0,0.0,0.0,0.0,0.0
BKC,0.0,6.7,7.3,0.0,0.0,0.0,0.0,0.0,0.0,0.0
BNA,0.0,10.6,11.6,0.0,0.0,0.0,0.0,0.0,0.0,0.0
BPC,0.0,9.3,10.2,0.0,0.0,0.0,0.0,0.0,0.0,0.0
BSC,0.0,13.2,14.5,0.0,0.0,0.0,0.0,0.0,0.0,0.0
BST,0.0,16.4,18.0,0.0,0.0,0.0,0.0,0.0,0.0,0.0
BTS,0.0,5.6,6.1,0.0,0.0,0.0,0.0,0.0,0.0,0.0
BTW,0.0,37.2,40.9,0.0,0.0,0.0,0.0,0.0,0.0,0.0
BVS,0.0,39.5,43.4,0.0,0.0,0.0,0.0,0.0,0.0,0.0
BXH,0.0,26.6,29.2,0.0,0.0,0.0,0.0,0.0,0.0,0.0
C69,0.0,6.8,7.4,0.0,0.0,0.0,0.0,0.0,0.0,0.0
CAG,0.0,9.7,10.6,0.0,0.0,0.0,0.0,0.0,0.0,0.0
CAN,0.0,46.4,51.0,0.0,0.0,0.0,0.0,0.0,0.0,0.0
CAP,0.0,62.2,68.4,0.0,0.0,0.0,0.0,0.0,0.0,0.0
CCR,0.0,12.1,13.3,0.0,0.0,0.0,0.0,0.0,0.0,0.0
CDN,0.0,31.5,34.6,0.0,0.0,0.0,0.0,0.0,0.0,0.0
CEO,0.0,19.2,21.1,0.0,0.0,0.0,0.0,0.0,0.0,0.0
CET,0.0,7.1,7.8,0.0,0.0,0.0,0.0,0.0,0.0,0.0
CIA,0.0,9.9,10.8,0.0,0.0,0.0,0.0,0.0,0.0,0.0
CJC,0.0,25.8,28.3,0.0,0.0,0.0,0.0,0.0,0.0,0.0
CKV,0.0,16.5,18.1,0.0,0.0,0.0,0.0,0.0,0.0,0.0
CLH,0.0,21.8,23.9,0.0,0.0,0.0,0.0,0.0,0.0,0.0
CLM,0.0,77.4,85.1,0.0,0.0,0.0,0.0,0.0,0.0,0.0
CMC,0.0,7.0,7.7,0.0,0.0,0.0,0.0,0.0,0.0,0.0
CMS,0.0,14.1,15.5,0.0,0.0,0.0,0.0,0.0,0.0,0.0
CPC,0.0,19.2,21.1,0.0,0.0,0.0,0.0,0.0,0.0,0.0
CSC,0.0,29.5,32.4,0.0,0.0,0.0,0.0,0.0,0.0,0.0
CTB,0.0,21.9,24.0,0.0,0.0,0.0,0.0,0.0,0.0,0.0
CTC,0.0,1.3,1.4,0.0,0.0,0.0,0.0,0.0,0.0,0.0
CTP,0.0,5.4,5.9,0.0,0.0,0.0,0.0,0.0,0.0,0.0
CTT,0.0,16.5,18.1,0.0,0.0,0.0,0.0,0.0,0.0,0.0
CVN,0.0,3.0,3.3,0.0,0.0,0.0,0.0,0.0,0.0,0.0
CX8,0.0,9.2,10.1,0.0,0.0,0.0,0.0,0.0,0.0,0.0
D11,0.0,11.2,12.3,0.0,0.0,0.0,0.0,0.0,0.0,0.0
DAD,0.0,18.8,20.6,0.0,0.0,0.0,0.0,0.0,0.0,0.0
DAE,0.0,15.9,17.4,0.0,0.0,0.0,0.0,0.0,0.0,0.0
DC2,0.0,8.5,9.3,0.0,0.0,0.0,0.0,0.0,0.0,0.0
DDG,0.0,4.3,4.7,0.0,0.0,0.0,0.0,0.0,0.0,0.0
DHP,0.0,10.5,11.5,0.0,0.0,0.0,0.0,0.0,0.0,0.0
DHT,0.0,34.0,37.4,0.0,0.0,0.0,0.0,0.0,0.0,0.0
DIH,0.0,19.1,21.0,0.0,0.0,0.0,0.0,0.0,0.0,0.0
DL1,0.0,4.6,5.0,0.0,0.0,0.0,0.0,0.0,0.0,0.0
DNC,0.0,51.5,56.6,0.0,0.0,0.0,0.0,0.0,0.0,0.0
DNP,0.0,19.6,21.5,0.0,0.0,0.0,0.0,0.0,0.0,0.0
DP3,0.0,61.8,67.9,0.0,0.0,0.0,0.0,0.0,0.0,0.0
DS3,0.0,5.1,5.6,0.0,0.0,0.0,0.0,0.0,0.0,0.0
DST,0.0,3.7,4.0,0.0,0.0,0.0,0.0,0.0,0.0,0.0
DTC,0.0,4.2,4.6,0.0,0.0,0.0,0.0,0.0,0.0,0.0
DTD,0.0,27.3,30.0,0.0,0.0,0.0,0.0,0.0,0.0,0.0
DTG,0.0,38.6,42.4,0.0,0.0,0.0,0.0,0.0,0.0,0.0
DTK,0.0,12.1,13.3,0.0,0.0,0.0,0.0,0.0,0.0,0.0
DVG,0.0,2.8,3.0,0.0,0.0,0.0,0.0,0.0,0.0,0.0
DVM,0.0,12.0,13.2,0.0,0.0,0.0,0.0,0.0,0.0,0.0
DXP,0.0,12.9,14.1,0.0,0.0,0.0,0.0,0.0,0.0,0.0
EBS,0.0,11.0,12.1,0.0,0.0,0.0,0.0,0.0,0.0,0.0
ECI,0.0,24.5,26.9,0.0,0.0,0.0,0.0,0.0,0.0,0.0
EID,0.0,23.7,26.0,0.0,0.0,0.0,0.0,0.0,0.0,0.0
EVS,0.0,7.6,8.3,0.0,0.0,0.0,0.0,0.0,0.0,0.0
FID,0.0,2.4,2.6,0.0,0.0,0.0,0.0,0.0,0.0,0.0
GDW,0.0,24.5,26.9,0.0,0.0,0.0,0.0,0.0,0.0,0.0
GIC,0.0,14.9,16.3,0.0,0.0,0.0,0.0,0.0,0.0,0.0
GKM,0.0,34.8,38.2,0.0,0.0,0.0,0.0,0.0,0.0,0.0
GLT,0.0,20.0,22.0,0.0,0.0,0.0,0.0,0.0,0.0,0.0
GMA,0.0,48.8,53.6,0.0,0.0,0.0,0.0,0.0,0.0,0.0
GMX,0.0,19.1,21.0,0.0,0.0,0.0,0.0,0.0,0.0,0.0
HAD,0.0,15.0,16.5,0.0,0.0,0.0,0.0,0.0,0.0,0.0
HAT,0.0,41.7,45.8,0.0,0.0,0.0,0.0,0.0,0.0,0.0
HBS,0.0,8.1,8.9,0.0,0.0,0.0,0.0,0.0,0.0,0.0
HCC,0.0,10.9,11.9,0.0,0.0,0.0,0.0,0.0,0.0,0.0
HCT,0.0,9.8,10.7,0.0,0.0,0.0,0.0,0.0,0.0,0.0
HDA,0.0,4.0,4.4,0.0,0.0,0.0,0.0,0.0,0.0,0.0
HEV,0.0,30.0,33.0,0.0,0.0,0.0,0.0,0.0,0.0,0.0
HGM,0.0,50.0,55.0,0.0,0.0,0.0,0.0,0.0,0.0,0.0
HHC,0.0,83.0,91.3,0.0,0.0,0.0,0.0,0.0,0.0,0.0
HJS,0.0,33.0,36.3,0.0,0.0,0.0,0.0,0.0,0.0,0.0
HKT,0.0,4.2,4.6,0.0,0.0,0.0,0.0,0.0,0.0,0.0
HLC,0.0,13.5,14.8,0.0,0.0,0.0,0.0,0.0,0.0,0.0
HLD,0.0,25.9,28.4,0.0,0.0,0.0,0.0,0.0,0.0,0.0
HMH,0.0,13.8,15.1,0.0,0.0,0.0,0.0,0.0,0.0,0.0
HMR,0.0,25.4,27.9,0.0,0.0,0.0,0.0,0.0,0.0,0.0
HOM,0.0,4.1,4.5,0.0,0.0,0.0,0.0,0.0,0.0,0.0
HTC,0.0,23.2,25.5,0.0,0.0,0.0,0.0,0.0,0.0,0.0
HTP,0.0,13.6,14.9,0.0,0.0,0.0,0.0,0.0,0.0,0.0
HUT,0.0,17.5,19.2,0.0,0.0,0.0,0.0,0.0,0.0,0.0
HVT,0.0,68.3,75.1,0.0,0.0,0.0,0.0,0.0,0.0,0.0
ICG,0.0,7.5,8.2,0.0,0.0,0.0,0.0,0.0,0.0,0.0
IDC,0.0,63.5,69.8,0.0,0.0,0.0,0.0,0.0,0.0,0.0
IDJ,0.0,5.8,6.3,0.0,0.0,0.0,0.0,0.0,0.0,0.0
IDV,0.0,37.7,41.4,0.0,0.0,0.0,0.0,0.0,0.0,0.0
INC,0.0,19.6,21.5,0.0,0.0,0.0,0.0,0.0,0.0,0.0
INN,0.0,51.0,56.1,0.0,0.0,0.0,0.0,0.0,0.0,0.0
IPA,0.0,14.3,15.7,0.0,0.0,0.0,0.0,0.0,0.0,0.0
ITQ,0.0,3.3,3.6,0.0,0.0,0.0,0.0,0.0,0.0,0.0
IVS,0.0,11.9,13.0,0.0,0.0,0.0,0.0,0.0,0.0,0.0
KDM,0.0,19.0,20.9,0.0,0.0,0.0,0.0,0.0,0.0,0.0
KHS,0.0,11.0,12.1,0.0,0.0,0.0,0.0,0.0,0.0,0.0
KKC,0.0,5.8,6.3,0.0,0.0,0.0,0.0,0.0,0.0,0.0
KMT,0.0,9.7,10.6,0.0,0.0,0.0,0.0,0.0,0.0,0.0
KSD,0.0,3.7,4.0,0.0,0.0,0.0,0.0,0.0,0.0,0.0
KSF,0.0,40.4,44.4,0.0,0.0,0.0,0.0,0.0,0.0,0.0
KSQ,0.0,3.5,3.8,0.0,0.0,0.0,0.0,0.0,0.0,0.0
KST,0.0,14.0,15.4,0.0,0.0,0.0,0.0,0.0,0.0,0.0
KSV,0.0,32.5,35.7,0.0,0.0,0.0,0.0,0.0,0.0,0.0
KTS,0.0,41.9,46.0,0.0,0.0,0.0,0.0,0.0,0.0,0.0
KTT,0.0,3.3,3.6,0.0,0.0,0.0,0.0,0.0,0.0,0.0
L14,0.0,38.8,42.6,0.0,0.0,0.0,0.0,0.0,0.0,0.0
L18,0.0,39.5,43.4,0.0,0.0,0.0,0.0,0.0,0.0,0.0
L40,0.0,21.9,24.0,0.0,0.0,0.0,0.0,0.0,0.0,0.0
L43,0.0,1.9,2.0,0.0,0.0,0.0,0.0,0.0,0.0,0.0
L62,0.0,1.8,1.9,0.0,0.0,0.0,0.0,0.0,0.0,0.0
LAS,0.0,22.0,24.2,0.0,0.0,0.0,0.0,0.0,0.0,0.0
LBE,0.0,26.5,29.1,0.0,0.0,0.0,0.0,0.0,0.0,0.0
LCD,0.0,21.7,23.8,0.0,0.0,0.0,0.0,0.0,0.0,0.0
LDP,0.0,23.0,25.3,0.0,0.0,0.0,0.0,0.0,0.0,0.0
LHC,0.0,52.9,58.1,0.0,0.0,0.0,0.0,0.0,0.0,0.0
LIG,0.0,3.7,4.0,0.0,0.0,0.0,0.0,0.0,0.0,0.0
MAC,0.0,14.6,16.0,0.0,0.0,0.0,0.0,0.0,0.0,0.0
MAS,0.0,30.3,33.3,0.0,0.0,0.0,0.0,0.0,0.0,0.0
MBG,0.0,4.3,4.7,0.0,0.0,0.0,0.0,0.0,0.0,0.0
MBS,0.0,30.0,33.0,0.0,0.0,0.0,0.0,0.0,0.0,0.0
MCC,0.0,12.0,13.2,0.0,0.0,0.0,0.0,0.0,0.0,0.0
MCF,0.0,11.1,12.2,0.0,0.0,0.0,0.0,0.0,0.0,0.0
MCO,0.0,23.2,25.5,0.0,0.0,0.0,0.0,0.0,0.0,0.0
MDC,0.0,11.6,12.7,0.0,0.0,0.0,0.0,0.0,0.0,0.0
MED,0.0,27.0,29.7,0.0,0.0,0.0,0.0,0.0,0.0,0.0
MEL,0.0,6.7,7.3,0.0,0.0,0.0,0.0,0.0,0.0,0.0
MHL,0.0,3.3,3.6,0.0,0.0,0.0,0.0,0.0,0.0,0.0
MKV,0.0,9.0,9.9,0.0,0.0,0.0,0.0,0.0,0.0,0.0
MST,0.0,5.5,6.0,0.0,0.0,0.0,0.0,0.0,0.0,0.0
MVB,0.0,21.5,23.6,0.0,0.0,0.0,0.0,0.0,0.0,0.0
NAG,0.0,11.7,12.8,0.0,0.0,0.0,0.0,0.0,0.0,0.0
NAP,0.0,9.1,10.0,0.0,0.0,0.0,0.0,0.0,0.0,0.0
NBC,0.0,12.8,14.0,0.0,0.0,0.0,0.0,0.0,0.0,0.0
NBP,0.0,13.0,14.3,0.0,0.0,0.0,0.0,0.0,0.0,0.0
NBW,0.0,26.1,28.7,0.0,0.0,0.0,0.0,0.0,0.0,0.0
NDN,0.0,10.4,11.4,0.0,0.0,0.0,0.0,0.0,0.0,0.0
NDX,0.0,6.3,6.9,0.0,0.0,0.0,0.0,0.0,0.0,0.0
NET,0.0,103.5,113.8,0.0,0.0,0.0,0.0,0.0,0.0,0.0
NFC,0.0,14.8,16.2,0.0,0.0,0.0,0.0,0.0,0.0,0.0
NHC,0.0,30.3,33.3,0.0,0.0,0.0,0.0,0.0,0.0,0.0
NRC,0.0,4.5,4.9,0.0,0.0,0.0,0.0,0.0,0.0,0.0
NSH,0.0,6.3,6.9,0.0,0.0,0.0,0.0,0.0,0.0,0.0
NST,0.0,9.2,10.1,0.0,0.0,0.0,0.0,0.0,0.0,0.0
NTH,0.0,59.8,65.7,0.0,0.0,0.0,0.0,0.0,0.0,0.0
NTP,0.0,42.7,46.9,0.0,0.0,0.0,0.0,0.0,0.0,0.0
NVB,0.0,9.3,10.2,0.0,0.0,0.0,0.0,0.0,0.0,0.0
OCH,0.0,6.3,6.9,0.0,0.0,0.0,0.0,0.0,0.0,0.0
ONE,0.0,6.7,7.3,0.0,0.0,0.0,0.0,0.0,0.0,0.0
PBP,0.0,11.7,12.8,0.0,0.0,0.0,0.0,0.0,0.0,0.0
PCE,0.0,19.1,21.0,0.0,0.0,0.0,0.0,0.0,0.0,0.0
PCG,0.0,6.2,6.8,0.0,0.0,0.0,0.0,0.0,0.0,0.0
PCH,0.0,11.4,12.5,0.0,0.0,0.0,0.0,0.0,0.0,0.0
PCT,0.0,10.0,11.0,0.0,0.0,0.0,0.0,0.0,0.0,0.0
PDB,0.0,10.0,11.0,0.0,0.0,0.0,0.0,0.0,0.0,0.0
PEN,0.0,7.2,7.9,0.0,0.0,0.0,0.0,0.0,0.0,0.0
PGN,0.0,6.5,7.1,0.0,0.0,0.0,0.0,0.0,0.0,0.0
PGS,0.0,34.0,37.4,0.0,0.0,0.0,0.0,0.0,0.0,0.0
PGT,0.0,3.6,3.9,0.0,0.0,0.0,0.0,0.0,0.0,0.0
PHN,0.0,83.0,91.3,0.0,0.0,0.0,0.0,0.0,0.0,0.0
PIA,0.0,26.8,29.4,0.0,0.0,0.0,0.0,0.0,0.0,0.0
PIC,0.0,16.5,18.1,0.0,0.0,0.0,0.0,0.0,0.0,0.0
PJC,0.0,28.0,30.8,0.0,0.0,0.0,0.0,0.0,0.0,0.0
PLC,0.0,28.6,31.4,0.0,0.0,0.0,0.0,0.0,0.0,0.0
PMB,0.0,10.1,11.1,0.0,0.0,0.0,0.0,0.0,0.0,0.0
PMC,0.0,80.0,88.0,0.0,0.0,0.0,0.0,0.0,0.0,0.0
PMP,0.0,13.0,14.3,0.0,0.0,0.0,0.0,0.0,0.0,0.0
PMS,0.0,32.5,35.7,0.0,0.0,0.0,0.0,0.0,0.0,0.0
POT,0.0,19.7,21.6,0.0,0.0,0.0,0.0,0.0,0.0,0.0
PPE,0.0,13.4,14.7,0.0,0.0,0.0,0.0,0.0,0.0,0.0
PPP,0.0,16.7,18.3,0.0,0.0,0.0,0.0,0.0,0.0,0.0
PPS,0.0,10.9,11.9,0.0,0.0,0.0,0.0,0.0,0.0,0.0
PPT,0.0,11.8,12.9,0.0,0.0,0.0,0.0,0.0,0.0,0.0
PPY,0.0,9.2,10.1,0.0,0.0,0.0,0.0,0.0,0.0,0.0
PRC,0.0,21.7,23.8,0.0,0.0,0.0,0.0,0.0,0.0,0.0
PRE,0.0,18.8,20.6,0.0,0.0,0.0,0.0,0.0,0.0,0.0
PSC,0.0,11.2,12.3,0.0,0.0,0.0,0.0,0.0,0.0,0.0
PSD,0.0,13.2,14.5,0.0,0.0,0.0,0.0,0.0,0.0,0.0
PSE,0.0,10.4,11.4,0.0,0.0,0.0,0.0,0.0,0.0,0.0
PSI,0.0,8.0,8.8,0.0,0.0,0.0,0.0,0.0,0.0,0.0
PSW,0.0,7.9,8.6,0.0,0.0,0.0,0.0,0.0,0.0,0.0
PTD,0.0,10.1,11.1,0.0,0.0,0.0,0.0,0.0,0.0,0.0
PTI,0.0,31.2,34.3,0.0,0.0,0.0,0.0,0.0,0.0,0.0
PTS,0.0,7.9,8.6,0.0,0.0,0.0,0.0,0.0,0.0,0.0
PV2,0.0,2.9,3.1,0.0,0.0,0.0,0.0,0.0,0.0,0.0
PVB,0.0,30.6,33.6,0.0,0.0,0.0,0.0,0.0,0.0,0.0
PVC,0.0,15.7,17.2,0.0,0.0,0.0,0.0,0.0,0.0,0.0
PVG,0.0,8.6,9.4,0.0,0.0,0.0,0.0,0.0,0.0,0.0
PVI,0.0,50.9,55.9,0.0,0.0,0.0,0.0,0.0,0.0,0.0
PVS,0.0,45.6,50.1,0.0,0.0,0.0,0.0,0.0,0.0,0.0
QHD,0.0,37.9,41.6,0.0,0.0,0.0,0.0,0.0,0.0,0.0
QST,0.0,20.2,22.2,0.0,0.0,0.0,0.0,0.0,0.0,0.0
QTC,0.0,14.1,15.5,0.0,0.0,0.0,0.0,0.0,0.0,0.0
RCL,0.0,12.4,13.6,0.0,0.0,0.0,0.0,0.0,0.0,0.0
S55,0.0,46.9,51.5,0.0,0.0,0.0,0.0,0.0,0.0,0.0
S99,0.0,12.5,13.7,0.0,0.0,0.0,0.0,0.0,0.0,0.0
SAF,0.0,49.9,54.8,0.0,0.0,0.0,0.0,0.0,0.0,0.0
SCG,0.0,65.2,71.7,0.0,0.0,0.0,0.0,0.0,0.0,0.0
SCI,0.0,13.5,14.8,0.0,0.0,0.0,0.0,0.0,0.0,0.0
SD5,0.0,8.1,8.9,0.0,0.0,0.0,0.0,0.0,0.0,0.0
SD6,0.0,3.8,4.1,0.0,0.0,0.0,0.0,0.0,0.0,0.0
SD9,0.0,11.0,12.1,0.0,0.0,0.0,0.0,0.0,0.0,0.0
SDA,0.0,5.7,6.2,0.0,0.0,0.0,0.0,0.0,0.0,0.0
SDC,0.0,7.5,8.2,0.0,0.0,0.0,0.0,0.0,0.0,0.0
SDG,0.0,17.9,19.6,0.0,0.0,0.0,0.0,0.0,0.0,0.0
SDN,0.0,29.5,32.4,0.0,0.0,0.0,0.0,0.0,0.0,0.0
SDU,0.0,19.6,21.5,0.0,0.0,0.0,0.0,0.0,0.0,0.0
SEB,0.0,47.2,51.9,0.0,0.0,0.0,0.0,0.0,0.0,0.0
SED,0.0,21.6,23.7,0.0,0.0,0.0,0.0,0.0,0.0,0.0
SFN,0.0,21.7,23.8,0.0,0.0,0.0,0.0,0.0,0.0,0.0
SGC,0.0,81.5,89.6,0.0,0.0,0.0,0.0,0.0,0.0,0.0
SGD,0.0,9.8,10.7,0.0,0.0,0.0,0.0,0.0,0.0,0.0
SGH,0.0,26.6,29.2,0.0,0.0,0.0,0.0,0.0,0.0,0.0
SHE,0.0,9.0,9.9,0.0,0.0,0.0,0.0,0.0,0.0,0.0
SHN,0.0,6.8,7.4,0.0,0.0,0.0,0.0,0.0,0.0,0.0
SHS,0.0,19.4,21.3,0.0,0.0,0.0,0.0,0.0,0.0,0.0
SJ1,0.0,11.8,12.9,0.0,0.0,0.0,0.0,0.0,0.0,0.0
SJE,0.0,20.7,22.7,0.0,0.0,0.0,0.0,0.0,0.0,0.0
SLS,0.0,161.8,177.9,0.0,0.0,0.0,0.0,0.0,0.0,0.0
SMN,0.0,12.4,13.6,0.0,0.0,0.0,0.0,0.0,0.0,0.0
SMT,0.0,6.0,6.6,0.0,0.0,0.0,0.0,0.0,0.0,0.0
SPC,0.0,8.6,9.4,0.0,0.0,0.0,0.0,0.0,0.0,0.0
SPI,0.0,2.4,2.6,0.0,0.0,0.0,0.0,0.0,0.0,0.0
SRA,0.0,3.5,3.8,0.0,0.0,0.0,0.0,0.0,0.0,0.0
SSM,0.0,6.1,6.7,0.0,0.0,0.0,0.0,0.0,0.0,0.0
STC,0.0,18.3,20.1,0.0,0.0,0.0,0.0,0.0,0.0,0.0
STP,0.0,10.1,11.1,0.0,0.0,0.0,0.0,0.0,0.0,0.0
SVN,0.0,3.5,3.8,0.0,0.0,0.0,0.0,0.0,0.0,0.0
SZB,0.0,42.8,47.0,0.0,0.0,0.0,0.0,0.0,0.0,0.0
TA9,0.0,14.1,15.5,0.0,0.0,0.0,0.0,0.0,0.0,0.0
TAR,0.0,5.7,6.2,0.0,0.0,0.0,0.0,0.0,0.0,0.0
TBX,0.0,22.3,24.5,0.0,0.0,0.0,0.0,0.0,0.0,0.0
TC6,0.0,10.4,11.4,0.0,0.0,0.0,0.0,0.0,0.0,0.0
TDN,0.0,11.2,12.3,0.0,0.0,0.0,0.0,0.0,0.0,0.0
TDT,0.0,7.6,8.3,0.0,0.0,0.0,0.0,0.0,0.0,0.0
TET,0.0,28.6,31.4,0.0,0.0,0.0,0.0,0.0,0.0,0.0
TFC,0.0,12.3,13.5,0.0,0.0,0.0,0.0,0.0,0.0,0.0
THB,0.0,11.8,12.9,0.0,0.0,0.0,0.0,0.0,0.0,0.0
THD,0.0,35.6,39.1,0.0,0.0,0.0,0.0,0.0,0.0,0.0
THS,0.0,11.0,12.1,0.0,0.0,0.0,0.0,0.0,0.0,0.0
THT,0.0,13.5,14.8,0.0,0.0,0.0,0.0,0.0,0.0,0.0
TIG,0.0,14.7,16.1,0.0,0.0,0.0,0.0,0.0,0.0,0.0
TJC,0.0,16.2,17.8,0.0,0.0,0.0,0.0,0.0,0.0,0.0
TKG,0.0,5.8,6.3,0.0,0.0,0.0,0.0,0.0,0.0,0.0
TKU,0.0,14.9,16.3,0.0,0.0,0.0,0.0,0.0,0.0,0.0
TMB,0.0,70.0,77.0,0.0,0.0,0.0,0.0,0.0,0.0,0.0
TMC,0.0,9.3,10.2,0.0,0.0,0.0,0.0,0.0,0.0,0.0
TMX,0.0,7.5,8.2,0.0,0.0,0.0,0.0,0.0,0.0,0.0
TNG,0.0,25.2,27.7,0.0,0.0,0.0,0.0,0.0,0.0,0.0
TOT,0.0,19.6,21.5,0.0,0.0,0.0,0.0,0.0,0.0,0.0
TPH,0.0,15.4,16.9,0.0,0.0,0.0,0.0,0.0,0.0,0.0
TPP,0.0,10.7,11.7,0.0,0.0,0.0,0.0,0.0,0.0,0.0
TSB,0.0,49.6,54.5,0.0,0.0,0.0,0.0,0.0,0.0,0.0
TTC,0.0,11.0,12.1,0.0,0.0,0.0,0.0,0.0,0.0,0.0
TTH,0.0,4.4,4.8,0.0,0.0,0.0,0.0,0.0,0.0,0.0
TTL,0.0,8.2,9.0,0.0,0.0,0.0,0.0,0.0,0.0,0.0
TTT,0.0,34.1,37.5,0.0,0.0,0.0,0.0,0.0,0.0,0.0
TV3,0.0,12.7,13.9,0.0,0.0,0.0,0.0,0.0,0.0,0.0
TV4,0.0,13.2,14.5,0.0,0.0,0.0,0.0,0.0,0.0,0.0
TVC,0.0,9.6,10.5,0.0,0.0,0.0,0.0,0.0,0.0,0.0
TVD,0.0,13.9,15.2,0.0,0.0,0.0,0.0,0.0,0.0,0.0
TXM,0.0,5.9,6.4,0.0,0.0,0.0,0.0,0.0,0.0,0.0
UNI,0.0,8.8,9.6,0.0,0.0,0.0,0.0,0.0,0.0,0.0
V12,0.0,12.2,13.4,0.0,0.0,0.0,0.0,0.0,0.0,0.0
V21,0.0,6.9,7.5,0.0,0.0,0.0,0.0,0.0,0.0,0.0
VBC,0.0,22.5,24.7,0.0,0.0,0.0,0.0,0.0,0.0,0.0
VC1,0.0,8.1,8.9,0.0,0.0,0.0,0.0,0.0,0.0,0.0
VC2,0.0,9.1,10.0,0.0,0.0,0.0,0.0,0.0,0.0,0.0
VC3,0.0,30.6,33.6,0.0,0.0,0.0,0.0,0.0,0.0,0.0
VC6,0.0,18.0,19.8,0.0,0.0,0.0,0.0,0.0,0.0,0.0
VC7,0.0,12.6,13.8,0.0,0.0,0.0,0.0,0.0,0.0,0.0
VC9,0.0,4.4,4.8,0.0,0.0,0.0,0.0,0.0,0.0,0.0
VCC,0.0,10.5,11.5,0.0,0.0,0.0,0.0,0.0,0.0,0.0
VCM,0.0,16.5,18.1,0.0,0.0,0.0,0.0,0.0,0.0,0.0
VCS,0.0,70.0,77.0,0.0,0.0,0.0,0.0,0.0,0.0,0.0
VDL,0.0,14.1,15.5,0.0,0.0,0.0,0.0,0.0,0.0,0.0
VE1,0.0,2.9,3.1,0.0,0.0,0.0,0.0,0.0,0.0,0.0
VE3,0.0,9.1,10.0,0.0,0.0,0.0,0.0,0.0,0.0,0.0
VE4,0.0,259.4,285.3,0.0,0.0,0.0,0.0,0.0,0.0,0.0
VE8,0.0,4.9,5.3,0.0,0.0,0.0,0.0,0.0,0.0,0.0
VFS,0.0,19.3,21.2,0.0,0.0,0.0,0.0,0.0,0.0,0.0
VGP,0.0,24.0,26.4,0.0,0.0,0.0,0.0,0.0,0.0,0.0
VGS,0.0,31.7,34.8,0.0,0.0,0.0,0.0,0.0,0.0,0.0
VHE,0.0,3.6,3.9,0.0,0.0,0.0,0.0,0.0,0.0,0.0
VHL,0.0,11.4,12.5,0.0,0.0,0.0,0.0,0.0,0.0,0.0
VIF,0.0,16.3,17.9,0.0,0.0,0.0,0.0,0.0,0.0,0.0
VIG,0.0,7.4,8.1,0.0,0.0,0.0,0.0,0.0,0.0,0.0
VIT,0.0,17.9,19.6,0.0,0.0,0.0,0.0,0.0,0.0,0.0
VLA,0.0,16.6,18.2,0.0,0.0,0.0,0.0,0.0,0.0,0.0
VMC,0.0,8.0,8.8,0.0,0.0,0.0,0.0,0.0,0.0,0.0
VMS,0.0,26.9,29.5,0.0,0.0,0.0,0.0,0.0,0.0,0.0
VNC,0.0,38.5,42.3,0.0,0.0,0.0,0.0,0.0,0.0,0.0
VNF,0.0,9.2,10.1,0.0,0.0,0.0,0.0,0.0,0.0,0.0
VNR,0.0,24.1,26.5,0.0,0.0,0.0,0.0,0.0,0.0,0.0
VNT,0.0,50.0,55.0,0.0,0.0,0.0,0.0,0.0,0.0,0.0
VSA,0.0,26.1,28.7,0.0,0.0,0.0,0.0,0.0,0.0,0.0
VSM,0.0,16.8,18.4,0.0,0.0,0.0,0.0,0.0,0.0,0.0
VTC,0.0,10.0,11.0,0.0,0.0,0.0,0.0,0.0,0.0,0.0
VTH,0.0,8.1,8.9,0.0,0.0,0.0,0.0,0.0,0.0,0.0
VTJ,0.0,3.5,3.8,0.0,0.0,0.0,0.0,0.0,0.0,0.0
VTV,0.0,6.2,6.8,0.0,0.0,0.0,0.0,0.0,0.0,0.0
VTZ,0.0,8.6,9.4,0.0,0.0,0.0,0.0,0.0,0.0,0.0
WCS,0.0,195.0,214.5,0.0,0.0,0.0,0.0,0.0,0.0,0.0
WSS,0.0,5.6,6.1,0.0,0.0,0.0,0.0,0.0,0.0,0.0
X20,0.0,11.0,12.1,0.0,0.0,0.0,0.0,0.0,0.0,0.0
A32,0.0,32.2,37.0,0.0,0.0,0.0,0.0,0.0,0.0,0.0
AAH,0.0,6.0,6.9,0.0,0.0,0.0,0.0,0.0,0.0,0.0
AAS,0.0,8.6,9.8,0.0,0.0,0.0,0.0,0.0,0.0,0.0
ABB,0.0,7.8,8.9,0.0,0.0,0.0,0.0,0.0,0.0,0.0
ABC,0.0,12.0,13.8,0.0,0.0,0.0,0.0,0.0,0.0,0.0
ABI,0.0,23.3,26.7,0.0,0.0,0.0,0.0,0.0,0.0,0.0
ABW,0.0,9.9,11.3,0.0,0.0,0.0,0.0,0.0,0.0,0.0
ACE,0.0,34.7,39.9,0.0,0.0,0.0,0.0,0.0,0.0,0.0
ACM,0.0,0.5,0.6,0.0,0.0,0.0,0.0,0.0,0.0,0.0
ACS,0.0,6.9,7.9,0.0,0.0,0.0,0.0,0.0,0.0,0.0
ACV,0.0,98.0,112.7,0.0,0.0,0.0,0.0,0.0,0.0,0.0
AFX,0.0,8.5,9.7,0.0,0.0,0.0,0.0,0.0,0.0,0.0
AG1,0.0,8.2,9.4,0.0,0.0,0.0,0.0,0.0,0.0,0.0
AGF,0.0,2.3,2.6,0.0,0.0,0.0,0.0,0.0,0.0,0.0
AGP,0.0,39.4,45.3,0.0,0.0,0.0,0.0,0.0,0.0,0.0
AGX,0.0,50.0,57.5,0.0,0.0,0.0,0.0,0.0,0.0,0.0
AIC,0.0,11.2,12.8,0.0,0.0,0.0,0.0,0.0,0.0,0.0
ALV,0.0,8.4,9.6,0.0,0.0,0.0,0.0,0.0,0.0,0.0
AMD,0.0,1.1,1.5,0.0,0.0,0.0,0.0,0.0,0.0,0.0
AMP,0.0,23.1,26.5,0.0,0.0,0.0,0.0,0.0,0.0,0.0
AMS,0.0,10.1,11.6,0.0,0.0,0.0,0.0,0.0,0.0,0.0
ANT,0.0,11.3,12.9,0.0,0.0,0.0,0.0,0.0,0.0,0.0
APC,0.0,7.8,8.9,0.0,0.0,0.0,0.0,0.0,0.0,0.0
APF,0.0,69.3,79.6,0.0,0.0,0.0,0.0,0.0,0.0,0.0
APL,0.0,18.5,21.2,0.0,0.0,0.0,0.0,0.0,0.0,0.0
APP,0.0,7.0,8.0,0.0,0.0,0.0,0.0,0.0,0.0,0.0
APT,0.0,3.3,3.7,0.0,0.0,0.0,0.0,0.0,0.0,0.0
ART,0.0,1.3,1.8,0.0,0.0,0.0,0.0,0.0,0.0,0.0
ASA,0.0,12.6,14.4,0.0,0.0,0.0,0.0,0.0,0.0,0.0
ATA,0.0,0.9,1.0,0.0,0.0,0.0,0.0,0.0,0.0,0.0
ATB,0.0,0.7,0.8,0.0,0.0,0.0,0.0,0.0,0.0,0.0
ATG,0.0,6.1,7.0,0.0,0.0,0.0,0.0,0.0,0.0,0.0
AVC,0.0,57.7,66.3,0.0,0.0,0.0,0.0,0.0,0.0,0.0
AVF,0.0,0.4,0.5,0.0,0.0,0.0,0.0,0.0,0.0,0.0
B82,0.0,0.5,0.6,0.0,0.0,0.0,0.0,0.0,0.0,0.0
BAL,0.0,9.2,10.5,0.0,0.0,0.0,0.0,0.0,0.0,0.0
BBH,0.0,11.4,15.9,0.0,0.0,0.0,0.0,0.0,0.0,0.0
BBM,0.0,10.7,12.3,0.0,0.0,0.0,0.0,0.0,0.0,0.0
BBT,0.0,7.6,8.7,0.0,0.0,0.0,0.0,0.0,0.0,0.0
BCA,0.0,19.2,22.0,0.0,0.0,0.0,0.0,0.0,0.0,0.0
BCB,0.0,0.5,0.7,0.0,0.0,0.0,0.0,0.0,0.0,0.0
BCO,0.0,11.0,15.4,0.0,0.0,0.0,0.0,0.0,0.0,0.0
BCP,0.0,10.3,11.8,0.0,0.0,0.0,0.0,0.0,0.0,0.0
BCR,0.0,5.7,6.5,0.0,0.0,0.0,0.0,0.0,0.0,0.0
BCV,0.0,21.5,30.1,0.0,0.0,0.0,0.0,0.0,0.0,0.0
BDG,0.0,31.9,36.6,0.0,0.0,0.0,0.0,0.0,0.0,0.0
BDT,0.0,11.4,13.1,0.0,0.0,0.0,0.0,0.0,0.0,0.0
BDW,0.0,22.4,25.7,0.0,0.0,0.0,0.0,0.0,0.0,0.0
BEL,0.0,14.7,20.5,0.0,0.0,0.0,0.0,0.0,0.0,0.0
BGW,0.0,16.0,18.4,0.0,0.0,0.0,0.0,0.0,0.0,0.0
BHA,0.0,21.0,24.1,0.0,0.0,0.0,0.0,0.0,0.0,0.0
BHC,0.0,1.7,1.9,0.0,0.0,0.0,0.0,0.0,0.0,0.0
BHG,0.0,11.0,12.6,0.0,0.0,0.0,0.0,0.0,0.0,0.0
BHI,0.0,14.0,16.1,0.0,0.0,0.0,0.0,0.0,0.0,0.0
BHK,0.0,19.5,22.4,0.0,0.0,0.0,0.0,0.0,0.0,0.0
BHP,0.0,7.0,8.0,0.0,0.0,0.0,0.0,0.0,0.0,0.0
BIG,0.0,8.2,9.4,0.0,0.0,0.0,0.0,0.0,0.0,0.0
BII,0.0,0.8,0.9,0.0,0.0,0.0,0.0,0.0,0.0,0.0
BIO,0.0,18.0,20.7,0.0,0.0,0.0,0.0,0.0,0.0,0.0
BLF,0.0,4.2,4.8,0.0,0.0,0.0,0.0,0.0,0.0,0.0
BLI,0.0,11.0,12.6,0.0,0.0,0.0,0.0,0.0,0.0,0.0
BLN,0.0,7.2,10.0,0.0,0.0,0.0,0.0,0.0,0.0,0.0
BLT,0.0,49.9,57.3,0.0,0.0,0.0,0.0,0.0,0.0,0.0
BMD,0.0,14.3,16.4,0.0,0.0,0.0,0.0,0.0,0.0,0.0
BMF,0.0,11.8,13.5,0.0,0.0,0.0,0.0,0.0,0.0,0.0
BMG,0.0,19.0,21.8,0.0,0.0,0.0,0.0,0.0,0.0,0.0
BMJ,0.0,10.2,11.7,0.0,0.0,0.0,0.0,0.0,0.0,0.0
BMN,0.0,7.5,8.6,0.0,0.0,0.0,0.0,0.0,0.0,0.0
BMS,0.0,10.9,12.5,0.0,0.0,0.0,0.0,0.0,0.0,0.0
BMV,0.0,8.1,9.3,0.0,0.0,0.0,0.0,0.0,0.0,0.0
BNW,0.0,9.2,12.8,0.0,0.0,0.0,0.0,0.0,0.0,0.0
BOT,0.0,2.9,3.3,0.0,0.0,0.0,0.0,0.0,0.0,0.0
BQB,0.0,3.3,3.7,0.0,0.0,0.0,0.0,0.0,0.0,0.0
BRR,0.0,20.0,23.0,0.0,0.0,0.0,0.0,0.0,0.0,0.0
BRS,0.0,19.5,22.4,0.0,0.0,0.0,0.0,0.0,0.0,0.0
BSA,0.0,22.2,25.5,0.0,0.0,0.0,0.0,0.0,0.0,0.0
BSD,0.0,16.4,18.8,0.0,0.0,0.0,0.0,0.0,0.0,0.0
BSG,0.0,11.9,13.6,0.0,0.0,0.0,0.0,0.0,0.0,0.0
BSH,0.0,20.0,23.0,0.0,0.0,0.0,0.0,0.0,0.0,0.0
BSL,0.0,10.1,11.6,0.0,0.0,0.0,0.0,0.0,0.0,0.0
BSP,0.0,10.5,12.0,0.0,0.0,0.0,0.0,0.0,0.0,0.0
BSQ,0.0,19.2,22.0,0.0,0.0,0.0,0.0,0.0,0.0,0.0
BSR,0.0,19.4,22.3,0.0,0.0,0.0,0.0,0.0,0.0,0.0
BT1,0.0,12.5,14.3,0.0,0.0,0.0,0.0,0.0,0.0,0.0
BT6,0.0,3.4,3.9,0.0,0.0,0.0,0.0,0.0,0.0,0.0
BTB,0.0,5.9,6.7,0.0,0.0,0.0,0.0,0.0,0.0,0.0
BTD,0.0,20.3,23.3,0.0,0.0,0.0,0.0,0.0,0.0,0.0
BTG,0.0,10.5,12.0,0.0,0.0,0.0,0.0,0.0,0.0,0.0
BTH,0.0,26.0,29.9,0.0,0.0,0.0,0.0,0.0,0.0,0.0
BTN,0.0,2.9,3.3,0.0,0.0,0.0,0.0,0.0,0.0,0.0
BTU,0.0,16.0,18.4,0.0,0.0,0.0,0.0,0.0,0.0,0.0
BTV,0.0,11.0,12.6,0.0,0.0,0.0,0.0,0.0,0.0,0.0
BVB,0.0,12.3,14.1,0.0,0.0,0.0,0.0,0.0,0.0,0.0
BVG,0.0,2.0,2.3,0.0,0.0,0.0,0.0,0.0,0.0,0.0
BVL,0.0,10.9,12.5,0.0,0.0,0.0,0.0,0.0,0.0,0.0
BVN,0.0,13.0,14.9,0.0,0.0,0.0,0.0,0.0,0.0,0.0
BWA,0.0,8.8,10.1,0.0,0.0,0.0,0.0,0.0,0.0,0.0
BWS,0.0,32.0,36.8,0.0,0.0,0.0,0.0,0.0,0.0,0.0
C12,0.0,3.2,3.6,0.0,0.0,0.0,0.0,0.0,0.0,0.0
C21,0.0,14.3,16.4,0.0,0.0,0.0,0.0,0.0,0.0,0.0
C22,0.0,17.0,23.8,0.0,0.0,0.0,0.0,0.0,0.0,0.0
C4G,0.0,10.1,11.6,0.0,0.0,0.0,0.0,0.0,0.0,0.0
C92,0.0,3.6,4.1,0.0,0.0,0.0,0.0,0.0,0.0,0.0
CAB,0.0,11.1,12.7,0.0,0.0,0.0,0.0,0.0,0.0,0.0
CAD,0.0,0.5,0.6,0.0,0.0,0.0,0.0,0.0,0.0,0.0
CAR,0.0,23.3,26.7,0.0,0.0,0.0,0.0,0.0,0.0,0.0
CAT,0.0,16.9,19.4,0.0,0.0,0.0,0.0,0.0,0.0,0.0
CBI,0.0,8.8,10.1,0.0,0.0,0.0,0.0,0.0,0.0,0.0
CBS,0.0,29.3,33.6,0.0,0.0,0.0,0.0,0.0,0.0,0.0
CC1,0.0,13.6,15.6,0.0,0.0,0.0,0.0,0.0,0.0,0.0
CC4,0.0,9.3,10.6,0.0,0.0,0.0,0.0,0.0,0.0,0.0
CCA,0.0,15.0,17.2,0.0,0.0,0.0,0.0,0.0,0.0,0.0
CCM,0.0,41.2,47.3,0.0,0.0,0.0,0.0,0.0,0.0,0.0
CCP,0.0,23.6,33.0,0.0,0.0,0.0,0.0,0.0,0.0,0.0
CCT,0.0,8.5,9.7,0.0,0.0,0.0,0.0,0.0,0.0,0.0
CCV,0.0,35.1,40.3,0.0,0.0,0.0,0.0,0.0,0.0,0.0
CDG,0.0,2.5,3.5,0.0,0.0,0.0,0.0,0.0,0.0,0.0
CDH,0.0,2.9,3.3,0.0,0.0,0.0,0.0,0.0,0.0,0.0
CDO,0.0,1.3,1.4,0.0,0.0,0.0,0.0,0.0,0.0,0.0
CDP,0.0,11.0,12.6,0.0,0.0,0.0,0.0,0.0,0.0,0.0
CDR,0.0,5.6,6.4,0.0,0.0,0.0,0.0,0.0,0.0,0.0
CE1,0.0,11.3,12.9,0.0,0.0,0.0,0.0,0.0,0.0,0.0
CEG,0.0,10.0,11.5,0.0,0.0,0.0,0.0,0.0,0.0,0.0
CEN,0.0,2.8,3.2,0.0,0.0,0.0,0.0,0.0,0.0,0.0
CFM,0.0,8.7,10.0,0.0,0.0,0.0,0.0,0.0,0.0,0.0
CFV,0.0,19.3,22.1,0.0,0.0,0.0,0.0,0.0,0.0,0.0
CGV,0.0,2.8,3.2,0.0,0.0,0.0,0.0,0.0,0.0,0.0
CH5,0.0,9.0,10.3,0.0,0.0,0.0,0.0,0.0,0.0,0.0
CHC,0.0,3.6,5.0,0.0,0.0,0.0,0.0,0.0,0.0,0.0
CHS,0.0,10.7,12.3,0.0,0.0,0.0,0.0,0.0,0.0,0.0
CI5,0.0,12.0,13.8,0.0,0.0,0.0,0.0,0.0,0.0,0.0
CID,0.0,11.5,13.2,0.0,0.0,0.0,0.0,0.0,0.0,0.0
CIP,0.0,2.5,2.8,0.0,0.0,0.0,0.0,0.0,0.0,0.0
CK8,0.0,3.6,4.1,0.0,0.0,0.0,0.0,0.0,0.0,0.0
CKA,0.0,49.4,56.8,0.0,0.0,0.0,0.0,0.0,0.0,0.0
CKD,0.0,24.0,27.6,0.0,0.0,0.0,0.0,0.0,0.0,0.0
CLG,0.0,0.6,0.7,0.0,0.0,0.0,0.0,0.0,0.0,0.0
CLX,0.0,13.6,15.6,0.0,0.0,0.0,0.0,0.0,0.0,0.0
CMD,0.0,19.5,22.4,0.0,0.0,0.0,0.0,0.0,0.0,0.0
CMF,0.0,215.0,247.2,0.0,0.0,0.0,0.0,0.0,0.0,0.0
CMI,0.0,1.1,1.2,0.0,0.0,0.0,0.0,0.0,0.0,0.0
CMK,0.0,8.8,12.3,0.0,0.0,0.0,0.0,0.0,0.0,0.0
CMM,0.0,8.8,10.1,0.0,0.0,0.0,0.0,0.0,0.0,0.0
CMN,0.0,77.4,108.3,0.0,0.0,0.0,0.0,0.0,0.0,0.0
CMP,0.0,8.1,11.3,0.0,0.0,0.0,0.0,0.0,0.0,0.0
CMT,0.0,19.6,22.5,0.0,0.0,0.0,0.0,0.0,0.0,0.0
CMW,0.0,11.5,13.2,0.0,0.0,0.0,0.0,0.0,0.0,0.0
CNA,0.0,43.9,61.4,0.0,0.0,0.0,0.0,0.0,0.0,0.0
CNC,0.0,28.6,32.8,0.0,0.0,0.0,0.0,0.0,0.0,0.0
CNN,0.0,40.0,46.0,0.0,0.0,0.0,0.0,0.0,0.0,0.0
CNT,0.0,19.9,22.8,0.0,0.0,0.0,0.0,0.0,0.0,0.0
CPA,0.0,7.3,8.3,0.0,0.0,0.0,0.0,0.0,0.0,0.0
CPH,0.0,0.3,0.4,0.0,0.0,0.0,0.0,0.0,0.0,0.0
CPI,0.0,3.8,4.3,0.0,0.0,0.0,0.0,0.0,0.0,0.0
CQN,0.0,27.9,32.0,0.0,0.0,0.0,0.0,0.0,0.0,0.0
CQT,0.0,10.0,11.5,0.0,0.0,0.0,0.0,0.0,0.0,0.0
CSI,0.0,38.5,44.2,0.0,0.0,0.0,0.0,0.0,0.0,0.0
CST,0.0,24.0,27.6,0.0,0.0,0.0,0.0,0.0,0.0,0.0
CT3,0.0,7.3,10.2,0.0,0.0,0.0,0.0,0.0,0.0,0.0
CT6,0.0,6.1,7.0,0.0,0.0,0.0,0.0,0.0,0.0,0.0
CTA,0.0,1.4,1.6,0.0,0.0,0.0,0.0,0.0,0.0,0.0
CTN,0.0,0.5,0.6,0.0,0.0,0.0,0.0,0.0,0.0,0.0
CTW,0.0,21.5,24.7,0.0,0.0,0.0,0.0,0.0,0.0,0.0
CTX,0.0,7.6,10.6,0.0,0.0,0.0,0.0,0.0,0.0,0.0
CYC,0.0,4.1,4.7,0.0,0.0,0.0,0.0,0.0,0.0,0.0
D17,0.0,49.9,57.3,0.0,0.0,0.0,0.0,0.0,0.0,0.0
DAC,0.0,7.4,10.3,0.0,0.0,0.0,0.0,0.0,0.0,0.0
DAN,0.0,34.3,39.4,0.0,0.0,0.0,0.0,0.0,0.0,0.0
DAS,0.0,11.5,13.2,0.0,0.0,0.0,0.0,0.0,0.0,0.0
DBM,0.0,25.7,29.5,0.0,0.0,0.0,0.0,0.0,0.0,0.0
DC1,0.0,6.8,7.8,0.0,0.0,0.0,0.0,0.0,0.0,0.0
DCF,0.0,41.0,47.1,0.0,0.0,0.0,0.0,0.0,0.0,0.0
DCG,0.0,18.7,21.5,0.0,0.0,0.0,0.0,0.0,0.0,0.0
DCH,0.0,10.1,14.1,0.0,0.0,0.0,0.0,0.0,0.0,0.0
DCR,0.0,5.8,6.6,0.0,0.0,0.0,0.0,0.0,0.0,0.0
DCS,0.0,0.5,0.6,0.0,0.0,0.0,0.0,0.0,0.0,0.0
DCT,0.0,0.6,0.7,0.0,0.0,0.0,0.0,0.0,0.0,0.0
DDH,0.0,15.9,22.2,0.0,0.0,0.0,0.0,0.0,0.0,0.0
DDM,0.0,1.2,1.3,0.0,0.0,0.0,0.0,0.0,0.0,0.0
DDN,0.0,7.9,9.0,0.0,0.0,0.0,0.0,0.0,0.0,0.0
DDV,0.0,18.6,21.3,0.0,0.0,0.0,0.0,0.0,0.0,0.0
DFC,0.0,20.5,23.5,0.0,0.0,0.0,0.0,0.0,0.0,0.0
DFF,0.0,9.0,10.3,0.0,0.0,0.0,0.0,0.0,0.0,0.0
DGT,0.0,6.1,7.0,0.0,0.0,0.0,0.0,0.0,0.0,0.0
DHB,0.0,8.9,10.2,0.0,0.0,0.0,0.0,0.0,0.0,0.0
DHD,0.0,24.8,28.5,0.0,0.0,0.0,0.0,0.0,0.0,0.0
DHN,0.0,21.0,24.1,0.0,0.0,0.0,0.0,0.0,0.0,0.0
DIC,0.0,1.2,1.3,0.0,0.0,0.0,0.0,0.0,0.0,0.0
DID,0.0,4.1,4.7,0.0,0.0,0.0,0.0,0.0,0.0,0.0
DKC,0.0,1.8,2.5,0.0,0.0,0.0,0.0,0.0,0.0,0.0
DLD,0.0,6.4,8.9,0.0,0.0,0.0,0.0,0.0,0.0,0.0
DLR,0.0,11.9,13.6,0.0,0.0,0.0,0.0,0.0,0.0,0.0
DLT,0.0,8.6,12.0,0.0,0.0,0.0,0.0,0.0,0.0,0.0
DM7,0.0,20.0,23.0,0.0,0.0,0.0,0.0,0.0,0.0,0.0
DMN,0.0,5.1,5.8,0.0,0.0,0.0,0.0,0.0,0.0,0.0
DMS,0.0,8.6,9.8,0.0,0.0,0.0,0.0,0.0,0.0,0.0
DNA,0.0,24.1,27.7,0.0,0.0,0.0,0.0,0.0,0.0,0.0
DND,0.0,17.0,19.5,0.0,0.0,0.0,0.0,0.0,0.0,0.0
DNE,0.0,9.3,10.6,0.0,0.0,0.0,0.0,0.0,0.0,0.0
DNH,0.0,47.8,54.9,0.0,0.0,0.0,0.0,0.0,0.0,0.0
DNL,0.0,24.0,27.6,0.0,0.0,0.0,0.0,0.0,0.0,0.0
DNM,0.0,18.4,21.1,0.0,0.0,0.0,0.0,0.0,0.0,0.0
DNN,0.0,0.2,0.3,0.0,0.0,0.0,0.0,0.0,0.0,0.0
DNT,0.0,38.9,44.7,0.0,0.0,0.0,0.0,0.0,0.0,0.0
DNW,0.0,29.0,33.3,0.0,0.0,0.0,0.0,0.0,0.0,0.0
DOC,0.0,8.5,9.7,0.0,0.0,0.0,0.0,0.0,0.0,0.0
DOP,0.0,14.9,20.8,0.0,0.0,0.0,0.0,0.0,0.0,0.0
DP1,0.0,36.1,41.5,0.0,0.0,0.0,0.0,0.0,0.0,0.0
DP2,0.0,4.8,5.5,0.0,0.0,0.0,0.0,0.0,0.0,0.0
DPH,0.0,34.8,40.0,0.0,0.0,0.0,0.0,0.0,0.0,0.0
DPP,0.0,20.8,23.9,0.0,0.0,0.0,0.0,0.0,0.0,0.0
DPS,0.0,0.4,0.5,0.0,0.0,0.0,0.0,0.0,0.0,0.0
DRG,0.0,8.4,9.6,0.0,0.0,0.0,0.0,0.0,0.0,0.0
DRI,0.0,13.0,14.9,0.0,0.0,0.0,0.0,0.0,0.0,0.0
DSC,0.0,26.0,29.9,0.0,0.0,0.0,0.0,0.0,0.0,0.0
DSD,0.0,20.0,23.0,0.0,0.0,0.0,0.0,0.0,0.0,0.0
DSG,0.0,5.0,5.7,0.0,0.0,0.0,0.0,0.0,0.0,0.0
DSP,0.0,9.7,11.1,0.0,0.0,0.0,0.0,0.0,0.0,0.0
DSV,0.0,7.9,11.0,0.0,0.0,0.0,0.0,0.0,0.0,0.0
DTB,0.0,11.5,13.2,0.0,0.0,0.0,0.0,0.0,0.0,0.0
DTE,0.0,3.5,4.0,0.0,0.0,0.0,0.0,0.0,0.0,0.0
DTH,0.0,13.6,15.6,0.0,0.0,0.0,0.0,0.0,0.0,0.0
DTI,0.0,3.4,3.9,0.0,0.0,0.0,0.0,0.0,0.0,0.0
DTP,0.0,122.2,140.5,0.0,0.0,0.0,0.0,0.0,0.0,0.0
DTV,0.0,35.0,40.2,0.0,0.0,0.0,0.0,0.0,0.0,0.0
DUS,0.0,13.0,18.2,0.0,0.0,0.0,0.0,0.0,0.0,0.0
DVC,0.0,11.0,12.6,0.0,0.0,0.0,0.0,0.0,0.0,0.0
DVN,0.0,18.6,21.3,0.0,0.0,0.0,0.0,0.0,0.0,0.0
DVW,0.0,18.0,25.2,0.0,0.0,0.0,0.0,0.0,0.0,0.0
DWC,0.0,10.1,11.6,0.0,0.0,0.0,0.0,0.0,0.0,0.0
DWS,0.0,14.5,16.6,0.0,0.0,0.0,0.0,0.0,0.0,0.0
DXL,0.0,7.3,8.3,0.0,0.0,0.0,0.0,0.0,0.0,0.0
DZM,0.0,2.9,4.0,0.0,0.0,0.0,0.0,0.0,0.0,0.0
E12,0.0,6.2,7.1,0.0,0.0,0.0,0.0,0.0,0.0,0.0
E29,0.0,5.4,6.2,0.0,0.0,0.0,0.0,0.0,0.0,0.0
EFI,0.0,1.7,1.9,0.0,0.0,0.0,0.0,0.0,0.0,0.0
EIC,0.0,22.2,25.5,0.0,0.0,0.0,0.0,0.0,0.0,0.0
EIN,0.0,3.6,4.1,0.0,0.0,0.0,0.0,0.0,0.0,0.0
EME,0.0,27.3,31.3,0.0,0.0,0.0,0.0,0.0,0.0,0.0
EMG,0.0,17.9,25.0,0.0,0.0,0.0,0.0,0.0,0.0,0.0
EMS,0.0,22.6,25.9,0.0,0.0,0.0,0.0,0.0,0.0,0.0
EPC,0.0,8.5,9.7,0.0,0.0,0.0,0.0,0.0,0.0,0.0
EPH,0.0,13.7,15.7,0.0,0.0,0.0,0.0,0.0,0.0,0.0
FBA,0.0,0.9,1.0,0.0,0.0,0.0,0.0,0.0,0.0,0.0
FBC,0.0,3.7,5.1,0.0,0.0,0.0,0.0,0.0,0.0,0.0
FCC,0.0,10.0,14.0,0.0,0.0,0.0,0.0,0.0,0.0,0.0
FCS,0.0,6.0,6.9,0.0,0.0,0.0,0.0,0.0,0.0,0.0
FGL,0.0,11.0,12.6,0.0,0.0,0.0,0.0,0.0,0.0,0.0
FHN,0.0,14.0,19.6,0.0,0.0,0.0,0.0,0.0,0.0,0.0
FHS,0.0,26.7,30.7,0.0,0.0,0.0,0.0,0.0,0.0,0.0
FIC,0.0,12.8,14.7,0.0,0.0,0.0,0.0,0.0,0.0,0.0
FLC,0.0,3.5,4.9,0.0,0.0,0.0,0.0,0.0,0.0,0.0
FOC,0.0,80.5,92.5,0.0,0.0,0.0,0.0,0.0,0.0,0.0
FOX,0.0,81.9,94.1,0.0,0.0,0.0,0.0,0.0,0.0,0.0
FRC,0.0,22.1,25.4,0.0,0.0,0.0,0.0,0.0,0.0,0.0
FRM,0.0,2.9,3.3,0.0,0.0,0.0,0.0,0.0,0.0,0.0
FSO,0.0,11.0,15.4,0.0,0.0,0.0,0.0,0.0,0.0,0.0
FT1,0.0,39.4,45.3,0.0,0.0,0.0,0.0,0.0,0.0,0.0
FTI,0.0,3.7,5.1,0.0,0.0,0.0,0.0,0.0,0.0,0.0
FTM,0.0,0.7,0.8,0.0,0.0,0.0,0.0,0.0,0.0,0.0
G20,0.0,0.4,0.5,0.0,0.0,0.0,0.0,0.0,0.0,0.0
G36,0.0,7.2,8.2,0.0,0.0,0.0,0.0,0.0,0.0,0.0
GAB,0.0,196.4,274.9,0.0,0.0,0.0,0.0,0.0,0.0,0.0
GCB,0.0,18.0,25.2,0.0,0.0,0.0,0.0,0.0,0.0,0.0
GCF,0.0,17.5,20.1,0.0,0.0,0.0,0.0,0.0,0.0,0.0
GDA,0.0,23.2,26.6,0.0,0.0,0.0,0.0,0.0,0.0,0.0
GEE,0.0,31.1,35.7,0.0,0.0,0.0,0.0,0.0,0.0,0.0
GER,0.0,17.1,23.9,0.0,0.0,0.0,0.0,0.0,0.0,0.0
GGG,0.0,4.0,4.6,0.0,0.0,0.0,0.0,0.0,0.0,0.0
GH3,0.0,7.0,9.8,0.0,0.0,0.0,0.0,0.0,0.0,0.0
GHC,0.0,29.5,33.9,0.0,0.0,0.0,0.0,0.0,0.0,0.0
GLC,0.0,10.0,14.0,0.0,0.0,0.0,0.0,0.0,0.0,0.0
GLW,0.0,11.1,12.7,0.0,0.0,0.0,0.0,0.0,0.0,0.0
GND,0.0,28.0,32.2,0.0,0.0,0.0,0.0,0.0,0.0,0.0
GPC,0.0,3.9,4.4,0.0,0.0,0.0,0.0,0.0,0.0,0.0
GSM,0.0,24.6,28.2,0.0,0.0,0.0,0.0,0.0,0.0,0.0
GTD,0.0,10.1,11.6,0.0,0.0,0.0,0.0,0.0,0.0,0.0
GTS,0.0,10.3,11.8,0.0,0.0,0.0,0.0,0.0,0.0,0.0
GTT,0.0,0.3,0.4,0.0,0.0,0.0,0.0,0.0,0.0,0.0
GVT,0.0,89.0,102.3,0.0,0.0,0.0,0.0,0.0,0.0,0.0
H11,0.0,5.4,6.2,0.0,0.0,0.0,0.0,0.0,0.0,0.0
HAC,0.0,13.9,15.9,0.0,0.0,0.0,0.0,0.0,0.0,0.0
HAF,0.0,16.7,19.2,0.0,0.0,0.0,0.0,0.0,0.0,0.0
HAI,0.0,1.5,2.1,0.0,0.0,0.0,0.0,0.0,0.0,0.0
HAM,0.0,31.0,35.6,0.0,0.0,0.0,0.0,0.0,0.0,0.0
HAN,0.0,9.1,10.4,0.0,0.0,0.0,0.0,0.0,0.0,0.0
HAV,0.0,2.9,3.3,0.0,0.0,0.0,0.0,0.0,0.0,0.0
HBD,0.0,16.1,18.5,0.0,0.0,0.0,0.0,0.0,0.0,0.0
HBH,0.0,6.0,6.9,0.0,0.0,0.0,0.0,0.0,0.0,0.0
HC1,0.0,7.1,9.9,0.0,0.0,0.0,0.0,0.0,0.0,0.0
HC3,0.0,27.9,32.0,0.0,0.0,0.0,0.0,0.0,0.0,0.0
HCB,0.0,21.8,25.0,0.0,0.0,0.0,0.0,0.0,0.0,0.0
HCI,0.0,11.0,15.4,0.0,0.0,0.0,0.0,0.0,0.0,0.0
HD2,0.0,23.9,27.4,0.0,0.0,0.0,0.0,0.0,0.0,0.0
HD6,0.0,17.7,20.3,0.0,0.0,0.0,0.0,0.0,0.0,0.0
HD8,0.0,10.6,12.1,0.0,0.0,0.0,0.0,0.0,0.0,0.0
HDM,0.0,29.4,33.8,0.0,0.0,0.0,0.0,0.0,0.0,0.0
HDO,0.0,0.4,0.5,0.0,0.0,0.0,0.0,0.0,0.0,0.0
HDP,0.0,17.6,20.2,0.0,0.0,0.0,0.0,0.0,0.0,0.0
HDS,0.0,8.3,11.6,0.0,0.0,0.0,0.0,0.0,0.0,0.0
HDW,0.0,11.7,13.4,0.0,0.0,0.0,0.0,0.0,0.0,0.0
HEC,0.0,58.5,67.2,0.0,0.0,0.0,0.0,0.0,0.0,0.0
HEJ,0.0,11.0,12.6,0.0,0.0,0.0,0.0,0.0,0.0,0.0
HEP,0.0,13.1,15.0,0.0,0.0,0.0,0.0,0.0,0.0,0.0
HES,0.0,19.2,22.0,0.0,0.0,0.0,0.0,0.0,0.0,0.0
HFB,0.0,13.6,15.6,0.0,0.0,0.0,0.0,0.0,0.0,0.0
HFC,0.0,6.3,7.2,0.0,0.0,0.0,0.0,0.0,0.0,0.0
HFX,0.0,9.2,10.5,0.0,0.0,0.0,0.0,0.0,0.0,0.0
HGT,0.0,8.3,11.6,0.0,0.0,0.0,0.0,0.0,0.0,0.0
HGW,0.0,10.5,12.0,0.0,0.0,0.0,0.0,0.0,0.0,0.0
JOS,0.0,1.1,1.2,0.0,0.0,0.0,0.0,0.0,0.0,0.0
KAC,0.0,21.0,24.1,0.0,0.0,0.0,0.0,0.0,0.0,0.0
KCB,0.0,8.2,9.4,0.0,0.0,0.0,0.0,0.0,0.0,0.0
KCE,0.0,10.0,11.5,0.0,0.0,0.0,0.0,0.0,0.0,0.0
KGM,0.0,7.4,8.5,0.0,0.0,0.0,0.0,0.0,0.0,0.0
KHD,0.0,7.9,9.0,0.0,0.0,0.0,0.0,0.0,0.0,0.0
KHL,0.0,0.7,0.8,0.0,0.0,0.0,0.0,0.0,0.0,0.0
KHW,0.0,24.0,27.6,0.0,0.0,0.0,0.0,0.0,0.0,0.0
KIP,0.0,10.0,11.5,0.0,0.0,0.0,0.0,0.0,0.0,0.0
KLB,0.0,11.5,13.2,0.0,0.0,0.0,0.0,0.0,0.0,0.0
KLF,0.0,0.8,1.1,0.0,0.0,0.0,0.0,0.0,0.0,0.0
KLM,0.0,9.2,12.8,0.0,0.0,0.0,0.0,0.0,0.0,0.0
KSH,0.0,0.5,0.6,0.0,0.0,0.0,0.0,0.0,0.0,0.0
KTC,0.0,9.5,10.9,0.0,0.0,0.0,0.0,0.0,0.0,0.0
KTL,0.0,21.2,24.3,0.0,0.0,0.0,0.0,0.0,0.0,0.0
KTW,0.0,10.6,14.8,0.0,0.0,0.0,0.0,0.0,0.0,0.0
KVC,0.0,2.1,2.4,0.0,0.0,0.0,0.0,0.0,0.0,0.0
L12,0.0,4.6,5.2,0.0,0.0,0.0,0.0,0.0,0.0,0.0
L35,0.0,4.2,4.8,0.0,0.0,0.0,0.0,0.0,0.0,0.0
L44,0.0,0.5,0.6,0.0,0.0,0.0,0.0,0.0,0.0,0.0
L45,0.0,2.8,3.2,0.0,0.0,0.0,0.0,0.0,0.0,0.0
L63,0.0,5.6,6.4,0.0,0.0,0.0,0.0,0.0,0.0,0.0
LAI,0.0,69.4,79.8,0.0,0.0,0.0,0.0,0.0,0.0,0.0
LAW,0.0,17.2,19.7,0.0,0.0,0.0,0.0,0.0,0.0,0.0
LBC,0.0,11.5,13.2,0.0,0.0,0.0,0.0,0.0,0.0,0.0
LCC,0.0,4.0,4.6,0.0,0.0,0.0,0.0,0.0,0.0,0.0
LCM,0.0,2.6,2.9,0.0,0.0,0.0,0.0,0.0,0.0,0.0
LCS,0.0,0.8,0.9,0.0,0.0,0.0,0.0,0.0,0.0,0.0
LDW,0.0,14.2,16.3,0.0,0.0,0.0,0.0,0.0,0.0,0.0
LG9,0.0,5.8,6.6,0.0,0.0,0.0,0.0,0.0,0.0,0.0
LGM,0.0,13.3,15.2,0.0,0.0,0.0,0.0,0.0,0.0,0.0
LIC,0.0,19.1,21.9,0.0,0.0,0.0,0.0,0.0,0.0,0.0
LKW,0.0,34.1,39.2,0.0,0.0,0.0,0.0,0.0,0.0,0.0
LLM,0.0,10.4,11.9,0.0,0.0,0.0,0.0,0.0,0.0,0.0
LM3,0.0,3.3,3.7,0.0,0.0,0.0,0.0,0.0,0.0,0.0
LM7,0.0,2.3,2.6,0.0,0.0,0.0,0.0,0.0,0.0,0.0
LMC,0.0,25.2,28.9,0.0,0.0,0.0,0.0,0.0,0.0,0.0
LMH,0.0,1.1,1.2,0.0,0.0,0.0,0.0,0.0,0.0,0.0
LMI,0.0,10.0,11.5,0.0,0.0,0.0,0.0,0.0,0.0,0.0
LNC,0.0,10.0,14.0,0.0,0.0,0.0,0.0,0.0,0.0,0.0
LO5,0.0,0.7,0.8,0.0,0.0,0.0,0.0,0.0,0.0,0.0
LPT,0.0,9.3,10.6,0.0,0.0,0.0,0.0,0.0,0.0,0.0
LQN,0.0,2.2,2.5,0.0,0.0,0.0,0.0,0.0,0.0,0.0
LSG,0.0,9.3,10.6,0.0,0.0,0.0,0.0,0.0,0.0,0.0
LTC,0.0,4.5,5.1,0.0,0.0,0.0,0.0,0.0,0.0,0.0
LTG,0.0,21.5,24.7,0.0,0.0,0.0,0.0,0.0,0.0,0.0
LUT,0.0,0.7,0.8,0.0,0.0,0.0,0.0,0.0,0.0,0.0
M10,0.0,21.0,24.1,0.0,0.0,0.0,0.0,0.0,0.0,0.0
MA1,0.0,22.4,25.7,0.0,0.0,0.0,0.0,0.0,0.0,0.0
MBN,0.0,7.9,11.0,0.0,0.0,0.0,0.0,0.0,0.0,0.0
MCG,0.0,2.9,3.3,0.0,0.0,0.0,0.0,0.0,0.0,0.0
MCH,0.0,157.8,181.4,0.0,0.0,0.0,0.0,0.0,0.0,0.0
MCM,0.0,39.9,45.8,0.0,0.0,0.0,0.0,0.0,0.0,0.0
MDA,0.0,9.0,12.6,0.0,0.0,0.0,0.0,0.0,0.0,0.0
MDF,0.0,8.3,9.5,0.0,0.0,0.0,0.0,0.0,0.0,0.0
MEC,0.0,5.4,6.2,0.0,0.0,0.0,0.0,0.0,0.0,0.0
MEF,0.0,4.2,4.8,0.0,0.0,0.0,0.0,0.0,0.0,0.0
MES,0.0,10.0,14.0,0.0,0.0,0.0,0.0,0.0,0.0,0.0
MFS,0.0,25.5,29.3,0.0,0.0,0.0,0.0,0.0,0.0,0.0
MGC,0.0,5.3,6.0,0.0,0.0,0.0,0.0,0.0,0.0,0.0
MGG,0.0,32.0,36.8,0.0,0.0,0.0,0.0,0.0,0.0,0.0
MGR,0.0,5.6,6.4,0.0,0.0,0.0,0.0,0.0,0.0,0.0
MH3,0.0,34.9,40.1,0.0,0.0,0.0,0.0,0.0,0.0,0.0
MIC,0.0,16.3,18.7,0.0,0.0,0.0,0.0,0.0,0.0,0.0
MIE,0.0,6.5,7.4,0.0,0.0,0.0,0.0,0.0,0.0,0.0
MIM,0.0,4.2,5.8,0.0,0.0,0.0,0.0,0.0,0.0,0.0
MKP,0.0,31.0,35.6,0.0,0.0,0.0,0.0,0.0,0.0,0.0
MLC,0.0,17.0,23.8,0.0,0.0,0.0,0.0,0.0,0.0,0.0
MLS,0.0,10.6,12.1,0.0,0.0,0.0,0.0,0.0,0.0,0.0
MML,0.0,27.0,31.0,0.0,0.0,0.0,0.0,0.0,0.0,0.0
MNB,0.0,24.2,27.8,0.0,0.0,0.0,0.0,0.0,0.0,0.0
MND,0.0,10.7,12.3,0.0,0.0,0.0,0.0,0.0,0.0,0.0
MPC,0.0,16.7,19.2,0.0,0.0,0.0,0.0,0.0,0.0,0.0
MPT,0.0,0.6,0.7,0.0,0.0,0.0,0.0,0.0,0.0,0.0
MPY,0.0,8.0,11.2,0.0,0.0,0.0,0.0,0.0,0.0,0.0
MQB,0.0,9.0,12.6,0.0,0.0,0.0,0.0,0.0,0.0,0.0
MQN,0.0,22.8,26.2,0.0,0.0,0.0,0.0,0.0,0.0,0.0
MRF,0.0,27.7,31.8,0.0,0.0,0.0,0.0,0.0,0.0,0.0
MSR,0.0,18.7,21.5,0.0,0.0,0.0,0.0,0.0,0.0,0.0
MTA,0.0,3.7,4.2,0.0,0.0,0.0,0.0,0.0,0.0,0.0
MTB,0.0,9.9,13.8,0.0,0.0,0.0,0.0,0.0,0.0,0.0
MTC,0.0,3.7,4.2,0.0,0.0,0.0,0.0,0.0,0.0,0.0
MTG,0.0,9.8,11.2,0.0,0.0,0.0,0.0,0.0,0.0,0.0
MTH,0.0,15.5,17.8,0.0,0.0,0.0,0.0,0.0,0.0,0.0
MTL,0.0,9.0,10.3,0.0,0.0,0.0,0.0,0.0,0.0,0.0
MTP,0.0,13.0,14.9,0.0,0.0,0.0,0.0,0.0,0.0,0.0
MTS,0.0,10.1,11.6,0.0,0.0,0.0,0.0,0.0,0.0,0.0
MTV,0.0,17.9,20.5,0.0,0.0,0.0,0.0,0.0,0.0,0.0
MVC,0.0,10.1,11.6,0.0,0.0,0.0,0.0,0.0,0.0,0.0
MVN,0.0,17.2,19.7,0.0,0.0,0.0,0.0,0.0,0.0,0.0
NAC,0.0,0.5,0.6,0.0,0.0,0.0,0.0,0.0,0.0,0.0
NAS,0.0,22.9,26.3,0.0,0.0,0.0,0.0,0.0,0.0,0.0
NAU,0.0,8.0,9.2,0.0,0.0,0.0,0.0,0.0,0.0,0.0
NAW,0.0,9.0,10.3,0.0,0.0,0.0,0.0,0.0,0.0,0.0
NBE,0.0,11.7,13.4,0.0,0.0,0.0,0.0,0.0,0.0,0.0
NBT,0.0,15.4,17.7,0.0,0.0,0.0,0.0,0.0,0.0,0.0
NCG,0.0,9.2,10.5,0.0,0.0,0.0,0.0,0.0,0.0,0.0
PAI,0.0,9.7,13.5,0.0,0.0,0.0,0.0,0.0,0.0,0.0
PAP,0.0,19.6,22.5,0.0,0.0,0.0,0.0,0.0,0.0,0.0
PAS,0.0,3.9,4.4,0.0,0.0,0.0,0.0,0.0,0.0,0.0
PAT,0.0,95.5,109.8,0.0,0.0,0.0,0.0,0.0,0.0,0.0
PBC,0.0,6.9,7.9,0.0,0.0,0.0,0.0,0.0,0.0,0.0
PBT,0.0,8.7,10.0,0.0,0.0,0.0,0.0,0.0,0.0,0.0
PCC,0.0,21.2,24.3,0.0,0.0,0.0,0.0,0.0,0.0,0.0
PCF,0.0,4.5,5.1,0.0,0.0,0.0,0.0,0.0,0.0,0.0
PCM,0.0,15.4,17.7,0.0,0.0,0.0,0.0,0.0,0.0,0.0
PCN,0.0,13.0,14.9,0.0,0.0,0.0,0.0,0.0,0.0,0.0
PDC,0.0,5.3,6.0,0.0,0.0,0.0,0.0,0.0,0.0,0.0
PDV,0.0,13.6,15.6,0.0,0.0,0.0,0.0,0.0,0.0,0.0
PEC,0.0,9.0,10.3,0.0,0.0,0.0,0.0,0.0,0.0,0.0
PEG,0.0,8.6,9.8,0.0,0.0,0.0,0.0,0.0,0.0,0.0
PEQ,0.0,40.1,46.1,0.0,0.0,0.0,0.0,0.0,0.0,0.0
PFL,0.0,2.6,2.9,0.0,0.0,0.0,0.0,0.0,0.0,0.0
PGB,0.0,17.5,20.1,0.0,0.0,0.0,0.0,0.0,0.0,0.0
PHH,0.0,3.1,3.5,0.0,0.0,0.0,0.0,0.0,0.0,0.0
PHP,0.0,21.9,25.1,0.0,0.0,0.0,0.0,0.0,0.0,0.0
PHS,0.0,16.1,18.5,0.0,0.0,0.0,0.0,0.0,0.0,0.0
PID,0.0,2.8,3.2,0.0,0.0,0.0,0.0,0.0,0.0,0.0
PIS,0.0,11.2,12.8,0.0,0.0,0.0,0.0,0.0,0.0,0.0
PIV,0.0,2.9,3.3,0.0,0.0,0.0,0.0,0.0,0.0,0.0
PJS,0.0,22.7,26.1,0.0,0.0,0.0,0.0,0.0,0.0,0.0
PLA,0.0,5.1,5.8,0.0,0.0,0.0,0.0,0.0,0.0,0.0
PLE,0.0,9.6,13.4,0.0,0.0,0.0,0.0,0.0,0.0,0.0
PLO,0.0,2.6,2.9,0.0,0.0,0.0,0.0,0.0,0.0,0.0
PMJ,0.0,20.0,23.0,0.0,0.0,0.0,0.0,0.0,0.0,0.0
PMT,0.0,7.2,8.2,0.0,0.0,0.0,0.0,0.0,0.0,0.0
PMW,0.0,32.0,36.8,0.0,0.0,0.0,0.0,0.0,0.0,0.0
PND,0.0,6.9,9.6,0.0,0.0,0.0,0.0,0.0,0.0,0.0
PNG,0.0,17.6,20.2,0.0,0.0,0.0,0.0,0.0,0.0,0.0
PNP,0.0,20.2,23.2,0.0,0.0,0.0,0.0,0.0,0.0,0.0
PNT,0.0,7.5,10.5,0.0,0.0,0.0,0.0,0.0,0.0,0.0
POB,0.0,50.6,70.8,0.0,0.0,0.0,0.0,0.0,0.0,0.0
POS,0.0,18.3,21.0,0.0,0.0,0.0,0.0,0.0,0.0,0.0
POV,0.0,8.5,9.7,0.0,0.0,0.0,0.0,0.0,0.0,0.0
PPH,0.0,27.8,31.9,0.0,0.0,0.0,0.0,0.0,0.0,0.0
PPI,0.0,0.4,0.5,0.0,0.0,0.0,0.0,0.0,0.0,0.0
PQN,0.0,4.0,5.6,0.0,0.0,0.0,0.0,0.0,0.0,0.0
PRO,0.0,5.2,5.9,0.0,0.0,0.0,0.0,0.0,0.0,0.0
PRT,0.0,10.6,12.1,0.0,0.0,0.0,0.0,0.0,0.0,0.0
PSB,0.0,5.6,6.4,0.0,0.0,0.0,0.0,0.0,0.0,0.0
PSG,0.0,0.7,0.8,0.0,0.0,0.0,0.0,0.0,0.0,0.0
PSL,0.0,12.3,14.1,0.0,0.0,0.0,0.0,0.0,0.0,0.0
PSN,0.0,10.3,11.8,0.0,0.0,0.0,0.0,0.0,0.0,0.0
PSP,0.0,8.4,9.6,0.0,0.0,0.0,0.0,0.0,0.0,0.0
PTE,0.0,1.9,2.1,0.0,0.0,0.0,0.0,0.0,0.0,0.0
PTG,0.0,0.5,0.7,0.0,0.0,0.0,0.0,0.0,0.0,0.0
PTH,0.0,18.5,21.2,0.0,0.0,0.0,0.0,0.0,0.0,0.0
S12,0.0,2.5,2.8,0.0,0.0,0.0,0.0,0.0,0.0,0.0
S27,0.0,0.7,0.8,0.0,0.0,0.0,0.0,0.0,0.0,0.0
S72,0.0,3.5,4.0,0.0,0.0,0.0,0.0,0.0,0.0,0.0
S74,0.0,10.1,11.6,0.0,0.0,0.0,0.0,0.0,0.0,0.0
S96,0.0,0.4,0.5,0.0,0.0,0.0,0.0,0.0,0.0,0.0
SAC,0.0,13.5,15.5,0.0,0.0,0.0,0.0,0.0,0.0,0.0
SAL,0.0,3.1,4.3,0.0,0.0,0.0,0.0,0.0,0.0,0.0
SAP,0.0,12.0,13.8,0.0,0.0,0.0,0.0,0.0,0.0,0.0
SAS,0.0,27.6,31.7,0.0,0.0,0.0,0.0,0.0,0.0,0.0
SB1,0.0,6.7,7.7,0.0,0.0,0.0,0.0,0.0,0.0,0.0
SBB,0.0,14.2,16.3,0.0,0.0,0.0,0.0,0.0,0.0,0.0
SBD,0.0,7.3,8.3,0.0,0.0,0.0,0.0,0.0,0.0,0.0
SBH,0.0,62.6,71.9,0.0,0.0,0.0,0.0,0.0,0.0,0.0
SBL,0.0,7.0,8.0,0.0,0.0,0.0,0.0,0.0,0.0,0.0
SBM,0.0,31.0,35.6,0.0,0.0,0.0,0.0,0.0,0.0,0.0
SBR,0.0,8.4,9.6,0.0,0.0,0.0,0.0,0.0,0.0,0.0
SBS,0.0,6.7,7.7,0.0,0.0,0.0,0.0,0.0,0.0,0.0
SCC,0.0,2.1,2.4,0.0,0.0,0.0,0.0,0.0,0.0,0.0
SCD,0.0,11.7,16.3,0.0,0.0,0.0,0.0,0.0,0.0,0.0
SCJ,0.0,4.0,4.6,0.0,0.0,0.0,0.0,0.0,0.0,0.0
SCL,0.0,37.5,43.1,0.0,0.0,0.0,0.0,0.0,0.0,0.0
SCO,0.0,5.2,5.9,0.0,0.0,0.0,0.0,0.0,0.0,0.0
SCY,0.0,13.7,15.7,0.0,0.0,0.0,0.0,0.0,0.0,0.0
SD1,0.0,0.8,0.9,0.0,0.0,0.0,0.0,0.0,0.0,0.0
SD2,0.0,4.7,5.4,0.0,0.0,0.0,0.0,0.0,0.0,0.0
SD3,0.0,5.8,6.6,0.0,0.0,0.0,0.0,0.0,0.0,0.0
SD4,0.0,3.5,4.0,0.0,0.0,0.0,0.0,0.0,0.0,0.0
SD7,0.0,3.6,4.1,0.0,0.0,0.0,0.0,0.0,0.0,0.0
SD8,0.0,1.5,1.7,0.0,0.0,0.0,0.0,0.0,0.0,0.0
SDB,0.0,0.5,0.6,0.0,0.0,0.0,0.0,0.0,0.0,0.0
SDD,0.0,2.0,2.3,0.0,0.0,0.0,0.0,0.0,0.0,0.0
SDJ,0.0,3.1,3.5,0.0,0.0,0.0,0.0,0.0,0.0,0.0
SDK,0.0,22.6,25.9,0.0,0.0,0.0,0.0,0.0,0.0,0.0
SDP,0.0,1.2,1.3,0.0,0.0,0.0,0.0,0.0,0.0,0.0
SDT,0.0,4.2,4.8,0.0,0.0,0.0,0.0,0.0,0.0,0.0
SDV,0.0,36.0,41.4,0.0,0.0,0.0,0.0,0.0,0.0,0.0
SDX,0.0,1.6,1.8,0.0,0.0,0.0,0.0,0.0,0.0,0.0
SDY,0.0,1.2,1.3,0.0,0.0,0.0,0.0,0.0,0.0,0.0
SEA,0.0,29.2,33.5,0.0,0.0,0.0,0.0,0.0,0.0,0.0
SEP,0.0,21.8,25.0,0.0,0.0,0.0,0.0,0.0,0.0,0.0
SGB,0.0,13.2,15.1,0.0,0.0,0.0,0.0,0.0,0.0,0.0
SGI,0.0,13.7,15.7,0.0,0.0,0.0,0.0,0.0,0.0,0.0
SGP,0.0,21.2,24.3,0.0,0.0,0.0,0.0,0.0,0.0,0.0
SGS,0.0,18.4,21.1,0.0,0.0,0.0,0.0,0.0,0.0,0.0
SHC,0.0,11.0,12.6,0.0,0.0,0.0,0.0,0.0,0.0,0.0
SHG,0.0,2.0,2.3,0.0,0.0,0.0,0.0,0.0,0.0,0.0
SID,0.0,12.1,13.9,0.0,0.0,0.0,0.0,0.0,0.0,0.0
SIG,0.0,5.6,6.4,0.0,0.0,0.0,0.0,0.0,0.0,0.0
SII,0.0,18.0,20.7,0.0,0.0,0.0,0.0,0.0,0.0,0.0
SIV,0.0,37.0,42.5,0.0,0.0,0.0,0.0,0.0,0.0,0.0
WSB,0.0,48.0,55.2,0.0,0.0,0.0,0.0,0.0,0.0,0.0
WTC,0.0,12.4,14.2,0.0,0.0,0.0,0.0,0.0,0.0,0.0
X26,0.0,26.0,29.9,0.0,0.0,0.0,0.0,0.0,0.0,0.0
X77,0.0,0.3,0.4,0.0,0.0,0.0,0.0,0.0,0.0,0.0
XDH,0.0,24.0,27.6,0.0,0.0,0.0,0.0,0.0,0.0,0.0
XHC,0.0,22.0,25.3,0.0,0.0,0.0,0.0,0.0,0.0,0.0
XLV,0.0,10.0,11.5,0.0,0.0,0.0,0.0,0.0,0.0,0.0
XMC,0.0,7.0,8.0,0.0,0.0,0.0,0.0,0.0,0.0,0.0
XMD,0.0,6.0,6.9,0.0,0.0,0.0,0.0,0.0,0.0,0.0
XMP,0.0,19.4,27.1,0.0,0.0,0.0,0.0,0.0,0.0,0.0
XPH,0.0,6.5,7.4,0.0,0.0,0.0,0.0,0.0,0.0,0.0
YBC,0.0,6.9,9.6,0.0,0.0,0.0,0.0,0.0,0.0,0.0
YTC,0.0,47.2,54.2,0.0,0.0,0.0,0.0,0.0,0.0,0.0
